Rk,Player,Pos,Age,Tm,G,MP,PER,TS%,3PAr,FTr,ORB%,DRB%,TRB%,AST%,STL%,BLK%,TOV%,USG%,,OWS,DWS,WS,WS/48,,OBPM,DBPM,BPM,VORP
1,Precious Achiuwa,C,22,TOR,73,1725,12.7,0.503,0.259,0.217,8.7,21.7,14.9,6.9,1.1,2.3,11.3,18.5,,0.4,2.1,2.5,0.07,,-2,-0.6,-2.6,-0.2
2,Steven Adams,C,28,MEM,76,1999,17.6,0.56,0.003,0.518,17.9,22,19.9,16.1,1.6,2.7,19.6,12,,3.8,3,6.8,0.163,,1,1,2,2
3,Bam Adebayo,C,24,MIA,56,1825,21.8,0.608,0.008,0.466,8.7,26.1,17.5,17.5,2.2,2.6,14.4,25,,3.6,3.5,7.2,0.188,,1.7,2.1,3.8,2.7
4,Santi Aldama,PF,21,MEM,32,360,10.2,0.452,0.364,0.242,9.4,16.1,12.6,7.7,0.8,2.5,9.9,18.4,,-0.1,0.4,0.3,0.044,,-4.2,-1.5,-5.7,-0.3
5,LaMarcus Aldridge,C,36,BRK,47,1050,19.6,0.604,0.1,0.223,7.8,18.7,13.4,6.3,0.6,4,8,22.4,,2.1,1,3.1,0.141,,1.3,-0.6,0.7,0.7
6,Nickeil Alexander-Walker,SG,23,TOT,65,1466,10.5,0.475,0.497,0.16,2.7,11.5,7.1,16.1,1.5,1.5,11.3,24.1,,-1.1,1.1,0.1,0.003,,-1.8,-1.1,-2.9,-0.3
6,Nickeil Alexander-Walker,SG,23,NOP,50,1317,10.5,0.474,0.483,0.153,3,11,6.9,16.1,1.5,1.4,11.2,24.8,,-1.1,0.9,-0.1,-0.005,,-1.7,-1.3,-3,-0.3
6,Nickeil Alexander-Walker,SG,23,UTA,15,149,10.2,0.497,0.688,0.25,0.8,15.6,8.5,15.5,1.7,2.4,13.1,17.9,,0,0.2,0.2,0.07,,-2.9,1.2,-1.7,0
7,Grayson Allen,SG,26,MIL,66,1805,12.7,0.609,0.684,0.13,1.9,10.9,6.5,7.6,1.2,1,6.7,15.2,,2.8,1.4,4.2,0.11,,0.6,-0.2,0.5,1.1
8,Jarrett Allen,C,23,CLE,56,1809,23,0.698,0.018,0.428,12,24.5,18.4,8.2,1.2,3.7,12.7,18.1,,5.4,3,8.5,0.225,,2.7,1.2,3.9,2.7
9,Jose Alvarado,PG,23,NOP,54,834,16.4,0.52,0.374,0.18,3.2,10.2,6.6,26.9,4.2,0.8,11.2,18.4,,1,1.1,2.1,0.121,,-0.5,2.4,1.9,0.8
10,Justin Anderson,SF,28,TOT,16,316,10.4,0.493,0.621,0.2,1.4,15,8.1,14.2,1.2,1.7,7.2,15.1,,0.2,0.2,0.4,0.054,,-1.9,-1.3,-3.2,-0.1
10,Justin Anderson,SF,28,CLE,3,47,10.7,0.666,0.75,0.5,0,13.8,7.1,17.3,1.1,0,17,11.1,,0.1,0,0.1,0.124,,-3,0.4,-2.6,0
10,Justin Anderson,SF,28,IND,13,269,10.3,0.475,0.609,0.172,1.6,15.2,8.3,13.6,1.3,1.9,6,15.8,,0.1,0.1,0.2,0.041,,-1.7,-1.6,-3.3,-0.1
11,Kyle Anderson,PF,28,MEM,69,1484,14.4,0.506,0.232,0.224,4.8,21.6,13,16.2,2.5,2.7,12.1,16.2,,1,2.5,3.5,0.113,,-0.9,2.1,1.2,1.2
12,Giannis Antetokounmpo,PF,27,MIL,67,2204,32.1,0.633,0.194,0.615,6.6,30.4,18.7,31.7,1.6,4,12.2,34.9,,9.2,3.7,12.9,0.281,,7.6,3.5,11.2,7.4
13,Thanasis Antetokounmpo,SF,29,MIL,48,473,12.5,0.577,0.109,0.359,9.2,13.4,11.3,6.5,1.6,2.4,14.9,15.7,,0.4,0.5,0.9,0.095,,-3.5,-0.1,-3.5,-0.2
14,Carmelo Anthony,PF,37,LAL,69,1793,14.8,0.579,0.549,0.22,3.7,13.5,8.6,5.6,1.3,2.6,6.9,20.4,,2.2,1.4,3.6,0.097,,0.4,-0.8,-0.5,0.7
15,Cole Anthony,PG,21,ORL,65,2059,13.5,0.519,0.429,0.277,1.6,16.2,8.9,28.9,1.1,0.8,14.2,25.1,,-0.1,1.7,1.6,0.038,,-0.6,-0.6,-1.2,0.4
16,OG Anunoby,SF,24,TOR,48,1728,14.8,0.549,0.455,0.169,4.4,12.6,8.3,11,2.1,1.4,9.7,20.5,,1.8,1.9,3.7,0.104,,0.4,0.1,0.5,1.1
17,Ryan Arcidiacono,PG,27,NYK,10,76,6.1,0.667,0.75,0,0,11.5,5.7,7.5,0.7,0,20,8.6,,0,0.1,0.1,0.052,,-4.6,0,-4.6,-0.1
18,Trevor Ariza,SF,36,LAL,24,462,7,0.449,0.747,0.182,2.3,16.7,9.5,7.5,1.3,1.2,9.3,11,,-0.2,0.4,0.2,0.02,,-3.3,-0.2,-3.4,-0.2
19,D.J. Augustin,PG,34,TOT,55,883,9.7,0.61,0.739,0.194,1.4,7,4.2,16.8,0.9,0.1,18.9,14.3,,0.7,0.1,0.8,0.043,,-1.2,-2.4,-3.6,-0.4
19,D.J. Augustin,PG,34,HOU,34,510,9.7,0.596,0.706,0.279,1.5,7.4,4.4,20.5,0.9,0,22.8,16.4,,0.2,0,0.2,0.017,,-1.4,-2.9,-4.3,-0.3
19,D.J. Augustin,PG,34,LAL,21,373,9.7,0.635,0.791,0.058,1.2,6.6,3.9,11.8,0.9,0.2,11.1,11.4,,0.5,0.1,0.6,0.079,,-1,-1.6,-2.6,-0.1
20,Deni Avdija,SF,21,WAS,82,1984,11.6,0.536,0.447,0.235,3,20.5,11.9,11.8,1.5,1.9,12,16.3,,0.6,1.8,2.4,0.058,,-2.1,0.4,-1.7,0.1
21,Joel Ayayi,SG,21,WAS,7,20,3.4,0.167,0.167,0,5.6,10.9,8.3,25.4,0,0,0,13.3,,0,0,0,-0.098,,-4.3,-1.7,-6,0
22,Deandre Ayton,C,23,PHO,58,1713,21.9,0.656,0.027,0.204,9.6,27.1,18.6,7.6,1.1,2.1,10.7,21.4,,4.1,3.1,7.3,0.203,,2.2,0.6,2.8,2.1
23,Udoka Azubuike,C,22,UTA,17,195,17.6,0.743,0,0.224,10.5,28.8,19.9,0,0.3,5,18.2,14.7,,0.3,0.3,0.6,0.157,,-1.8,0.4,-1.4,0
24,Marvin Bagley III,PF,22,TOT,48,1146,15.7,0.551,0.217,0.226,9.7,22.6,16,5.2,0.9,1.4,7.4,19.8,,1.2,0.9,2,0.085,,-0.5,-1.8,-2.3,-0.1
24,Marvin Bagley III,PF,22,SAC,30,656,14.3,0.521,0.252,0.191,11,24.8,17.8,3.9,0.7,1.5,7.3,18.8,,0.5,0.4,0.9,0.068,,-1.1,-2.4,-3.5,-0.3
24,Marvin Bagley III,PF,22,DET,18,490,17.7,0.585,0.175,0.27,8,19.8,13.6,6.9,1.3,1.3,7.4,21.2,,0.7,0.4,1.1,0.107,,0.4,-0.9,-0.6,0.2
25,LaMelo Ball,PG,20,CHO,75,2422,19.7,0.554,0.451,0.194,4.7,17.4,11,35.7,2.4,1.2,15.3,28.2,,3.4,2.5,5.8,0.116,,3.3,0.2,3.4,3.3
26,Lonzo Ball,PG,24,CHI,35,1212,14.5,0.575,0.679,0.073,3.3,14.3,8.8,20,2.6,2.2,17.2,17.4,,0.8,1.4,2.2,0.088,,0.9,1.6,2.5,1.4
27,Mo Bamba,C,23,ORL,71,1824,16.5,0.582,0.455,0.118,8.5,24.6,16.5,7.4,1,5.9,10.6,17.2,,1.8,2.7,4.5,0.118,,-0.2,0.9,0.7,1.2
28,Desmond Bane,SF,23,MEM,76,2266,17.6,0.592,0.475,0.141,2.1,13.6,7.7,13.5,1.9,1.1,8.7,23.1,,4.5,2.7,7.2,0.153,,2.5,0.3,2.7,2.7
29,Dalano Banton,SF,22,TOR,64,696,10,0.463,0.252,0.218,5.6,14.1,9.7,19.8,2,1.4,19.3,16.9,,-0.4,0.8,0.4,0.03,,-3.4,0.4,-3,-0.2
30,Cat Barber,PG,27,ATL,3,13,-11.2,0,0,1,8.5,16.7,12.6,26.7,0,0,14.8,22.7,,-0.1,0,-0.1,-0.45,,-15.8,-7.6,-23.5,-0.1
31,Harrison Barnes,PF,29,SAC,77,2587,15.7,0.623,0.432,0.495,3.4,14.9,9.1,10.5,1,0.5,10.4,18.8,,5,1,6,0.112,,1.5,-1.3,0.2,1.4
32,Scottie Barnes,PF,20,TOR,74,2617,16.3,0.552,0.207,0.231,7.7,15.8,11.5,14.7,1.5,2.1,11.7,19,,3.7,2.9,6.6,0.122,,0.5,0.4,0.9,1.9
33,RJ Barrett,SF,21,NYK,70,2417,13.7,0.511,0.338,0.34,2.9,15.5,9.1,14.9,0.9,0.7,9.9,27.6,,0.1,2.2,2.3,0.046,,-0.3,-1.3,-1.6,0.2
34,Will Barton,SG,31,DEN,71,2277,13.4,0.548,0.48,0.142,2.2,14.1,8.3,17.6,1.2,1.2,11.8,20.8,,1.2,1.9,3.2,0.067,,0.4,-0.9,-0.5,0.9
35,Paris Bass,SF,26,PHO,2,7,13.9,0.436,0.333,0.333,31.5,29.9,30.6,0,6.9,0,22.5,54.6,,0,0,0,-0.17,,-11.2,-1.2,-12.4,0
36,Charles Bassey,PF,21,PHI,23,168,21.5,0.66,0.085,0.255,14.9,26.1,20.6,6.5,1.5,9.1,13.3,16.1,,0.4,0.3,0.8,0.22,,-0.3,2.2,1.9,0.2
37,Keita Bates-Diop,SF,26,SAS,59,956,12.4,0.578,0.209,0.232,6.8,18.7,12.7,5.7,1.4,1.2,13.4,14.8,,0.6,1,1.6,0.08,,-2.1,-0.5,-2.6,-0.1
38,Nicolas Batum,PF,33,LAC,59,1462,13.5,0.608,0.698,0.098,2.2,15.8,9.2,9.7,1.9,2.4,9,13.3,,1.6,2.1,3.7,0.123,,0.5,1.8,2.3,1.6
39,Kent Bazemore,SF,32,LAL,39,545,6,0.451,0.576,0.122,2.6,11,6.8,8.1,2.2,1.5,12.5,13.2,,-0.4,0.5,0.1,0.006,,-5.1,0.8,-4.3,-0.3
40,Darius Bazley,PF,21,OKC,69,1924,12.6,0.515,0.414,0.262,3.7,19.8,11.6,7.7,1.5,3.4,11.1,18.3,,-0.5,2.2,1.8,0.044,,-2.1,0.3,-1.8,0.1
41,Bradley Beal,SG,28,WAS,40,1439,17.5,0.539,0.272,0.263,3,11.4,7.3,30.8,1.2,0.9,13.6,30.8,,0.6,0.7,1.4,0.046,,2,-1.2,0.8,1
42,Malik Beasley,SG,25,MIN,79,1976,11.9,0.544,0.749,0.071,1.4,11.2,6.2,8.5,1,0.6,4.7,19.4,,1.7,1.2,2.9,0.069,,0.7,-1.5,-0.7,0.7
43,Jordan Bell,C,27,CHI,1,2,29.9,,,,56.6,0,28.1,0,24.4,0,,0,,0,0,0,0.6,,-8.1,10.8,2.7,0
44,DeAndre' Bembry,SF,27,TOT,56,1026,11.9,0.601,0.163,0.158,4.6,12.5,8.6,8.6,2.3,2.2,11.6,11.2,,1.1,1.1,2.2,0.104,,-2.2,1.5,-0.7,0.3
44,DeAndre' Bembry,SF,27,BRK,48,949,12.4,0.609,0.169,0.164,4.5,12.8,8.7,8.5,2.4,2.4,11.6,11.7,,1.1,1.1,2.1,0.108,,-2,1.6,-0.4,0.4
44,DeAndre' Bembry,SF,27,MIL,8,77,4.8,0.375,0,0,5.6,9.4,7.6,9.4,1.2,0,11.1,5,,0,0.1,0.1,0.053,,-4.4,0.5,-3.9,0
45,Dāvis Bertāns,PF,29,TOT,56,807,9.4,0.531,0.836,0.145,1.7,14.3,8,5.5,1,1.3,6.1,17.3,,0.2,0.7,0.9,0.053,,-1.7,-0.9,-2.6,-0.1
45,Dāvis Bertāns,PF,29,WAS,34,501,8.3,0.527,0.842,0.175,1.3,12,6.7,4.4,1.1,1,7.1,17.6,,0,0.3,0.3,0.025,,-2.5,-1.3,-3.8,-0.2
45,Dāvis Bertāns,PF,29,DAL,22,306,11.2,0.54,0.827,0.096,2.2,18.2,10.2,7.1,1,1.8,4.4,16.7,,0.2,0.4,0.6,0.098,,-0.4,-0.3,-0.6,0.1
46,Patrick Beverley,PG,33,MIN,58,1476,14.8,0.539,0.555,0.305,4.4,13.2,8.7,24.5,2.2,3.4,12.9,16.1,,2.3,1.7,4.1,0.132,,0.6,2.1,2.7,1.7
47,Saddiq Bey,SF,22,DET,82,2704,14,0.529,0.537,0.224,4.1,14.1,8.8,13.8,1.3,0.5,7.1,21.3,,2.4,1.6,4,0.071,,0.9,-1.2,-0.3,1.2
48,Khem Birch,C,29,TOR,55,991,13.2,0.534,0.07,0.355,12.7,13.5,13.1,7.6,1.5,2.6,11.1,11.2,,1.5,1.1,2.6,0.126,,-1.7,0.4,-1.3,0.2
49,Goga Bitadze,C,22,IND,50,729,18,0.595,0.317,0.373,11.9,15.3,13.5,11.2,1.4,5,13.6,19.9,,1.3,0.6,1.9,0.122,,-0.2,-0.6,-0.8,0.2
50,Bismack Biyombo,C,29,PHO,36,506,17.3,0.596,0,0.49,13.7,21.5,17.7,6.2,1.1,4.6,12.4,17.1,,0.9,0.9,1.8,0.17,,-1.7,0.4,-1.3,0.1
51,Nemanja Bjelica,C,33,GSW,71,1142,14.2,0.573,0.436,0.237,6.1,21.5,14.1,19.8,1.8,2.2,18.7,17.8,,1,2.1,3,0.128,,-0.9,2.3,1.4,1
52,Eric Bledsoe,PG,32,LAC,54,1361,12.5,0.514,0.348,0.25,2.2,11.6,7.1,24.1,2.5,1.2,18.3,20.5,,-0.5,1.8,1.3,0.047,,-2.1,1.3,-0.8,0.4
53,Keljin Blevins,SF,26,POR,31,349,4.8,0.41,0.649,0.099,4.9,9.5,7.1,7.7,1.8,0.3,12.8,16.5,,-0.6,0.1,-0.5,-0.066,,-5.6,-2.9,-8.5,-0.6
54,Bogdan Bogdanović,SG,29,ATL,63,1848,15.4,0.562,0.578,0.145,1.7,13,7.4,15.5,1.8,0.7,7.7,21.6,,2.5,1.2,3.7,0.095,,1.5,-0.2,1.3,1.5
55,Bojan Bogdanović,PF,32,UTA,69,2131,15.7,0.599,0.504,0.28,3.1,11.8,7.6,8.7,0.8,0,10.2,23.7,,3.6,1.6,5.2,0.118,,1.6,-1.6,0,1.1
56,Bol Bol,PF,22,DEN,14,81,13.5,0.565,0.148,0.185,5.7,21.4,13.8,9.1,0.6,2.2,12,18,,0,0.1,0.1,0.065,,-0.5,-0.4,-1,0
57,Leandro Bolmaro,SF,21,MIN,35,241,5.4,0.419,0.333,0.241,6.9,12.3,9.6,11,1.2,0,17.9,12.6,,-0.1,0.2,0,0.004,,-5.1,-0.7,-5.8,-0.2
58,Isaac Bonga,SF,22,TOR,15,69,8.7,0.363,0.308,0.615,6,5,5.5,7.3,5.8,2.8,10.8,11.5,,-0.1,0.1,0.1,0.06,,-5.4,5,-0.4,0
59,Devin Booker,SG,25,PHO,68,2345,21.3,0.576,0.336,0.255,2.1,13.2,7.8,22.4,1.6,1,9.3,32,,4.3,3.3,7.6,0.156,,3.9,0.2,4.1,3.6
60,Brandon Boston Jr.,SG,20,LAC,51,760,11.2,0.481,0.342,0.222,2.4,12.7,7.7,10.1,1.7,1.5,8,22.4,,-0.5,0.9,0.4,0.026,,-2.9,-0.4,-3.3,-0.3
61,Chris Boucher,PF,29,TOR,80,1690,17.9,0.57,0.397,0.334,10.9,21.3,15.8,2.2,1.4,4.3,6,17.8,,3.5,2.4,6,0.169,,0.5,-0.4,0,0.9
62,James Bouknight,SG,21,CHO,31,304,10.1,0.459,0.348,0.22,7.6,10.6,9.1,11.9,1.1,0.3,8.8,23.7,,-0.1,0.1,0,0.001,,-3.4,-3.7,-7.1,-0.4
63,Avery Bradley,SG,31,LAL,62,1406,7.8,0.55,0.6,0.051,2.4,8,5.2,4.5,1.8,0.6,9.6,12.1,,0.3,0.9,1.2,0.04,,-3.5,-0.1,-3.6,-0.6
64,Tony Bradley,C,24,CHI,55,549,14.9,0.6,0,0.236,13.8,24.3,19.1,6.7,0.9,5.2,20,13.6,,0.6,0.7,1.3,0.112,,-2,0.2,-1.8,0
65,Ignas Brazdeikis,SF,23,ORL,42,536,10.2,0.52,0.463,0.17,4.5,9.7,7.1,10.7,0.9,0.5,7.8,17.7,,0.2,0.3,0.5,0.041,,-2.7,-1.6,-4.3,-0.3
66,Mikal Bridges,SF,25,PHO,82,2854,14.4,0.627,0.364,0.183,2.9,10,6.5,8.7,1.6,1.1,6.8,15,,5.2,3.7,8.9,0.15,,0.5,1.1,1.6,2.6
67,Miles Bridges,PF,23,CHO,80,2837,17.9,0.593,0.383,0.274,3.3,17.8,10.4,15.7,1.3,2.2,9.9,22.6,,5,2.3,7.2,0.123,,1.8,-0.3,1.5,2.5
68,Oshae Brissett,SF,23,IND,67,1564,12.9,0.53,0.468,0.324,7.6,18.1,12.8,6.4,1.4,1.6,8.5,17.3,,1.4,0.9,2.2,0.069,,-0.5,-1.7,-2.2,-0.1
69,Malcolm Brogdon,PG,29,IND,36,1206,18,0.557,0.343,0.308,3,14.3,8.6,26.9,1.2,1,11.1,24.6,,2.2,0.4,2.7,0.106,,2.8,-0.5,2.3,1.3
70,Armoni Brooks,SG-PG,23,TOT,54,844,8.4,0.483,0.862,0.073,2.5,10.9,6.7,10.4,1.6,1.2,8.3,16.4,,-0.1,0.4,0.2,0.014,,-2.6,-1.3,-3.9,-0.4
70,Armoni Brooks,SG,23,HOU,41,690,8.4,0.49,0.849,0.076,1.9,11.1,6.4,10.3,1.4,1,8.1,17.4,,-0.2,0.2,0,0.002,,-2.6,-1.8,-4.4,-0.4
70,Armoni Brooks,PG,23,TOR,13,154,8.6,0.437,0.947,0.053,5.3,10.4,7.7,11,2.3,1.9,9.3,11.9,,0,0.2,0.2,0.067,,-2.8,1.2,-1.6,0
71,Dillon Brooks,SF,26,MEM,32,885,15.5,0.515,0.283,0.202,3.4,8.8,6,15.4,1.9,0.8,8,28.8,,0.7,0.9,1.6,0.087,,-1,-0.8,-1.8,0
72,Bruce Brown,SF,25,BRK,72,1774,15,0.575,0.186,0.253,6.3,14.7,10.6,11.5,2.1,2.6,9.1,15,,2.8,2,4.8,0.13,,-0.4,1.1,0.7,1.2
73,Charlie Brown Jr.,SG,24,TOT,22,177,6.5,0.346,0.308,0.256,9,11.2,10.1,4.5,2.8,2,10.3,12.3,,-0.2,0.2,0,0.012,,-5.2,0.4,-4.8,-0.1
73,Charlie Brown Jr.,SG,24,DAL,3,15,5.1,0.2,0.6,0,0,7.4,3.7,8.9,6.7,6,0,15,,-0.1,0,0,-0.05,,-7.7,5.1,-2.6,0
73,Charlie Brown Jr.,SG,24,PHI,19,162,6.6,0.365,0.265,0.294,9.8,11.5,10.7,4.1,2.5,1.7,11.5,12,,-0.1,0.2,0.1,0.018,,-5,-0.1,-5,-0.1
74,Chaundee Brown Jr.,SG-SF,23,TOT,5,104,6.4,0.447,0.563,0.188,1.1,15.7,8.4,5.1,0.9,0,2.8,14.9,,0,0,0,0.002,,-4.3,-2.4,-6.6,-0.1
74,Chaundee Brown Jr.,SF,23,LAL,2,21,-8.7,0.143,0.429,0,0,10.2,5.1,0,0,0,12.5,16.4,,-0.1,0,-0.1,-0.306,,-11.6,-5,-16.6,-0.1
74,Chaundee Brown Jr.,SG,23,ATL,3,83,10.3,0.525,0.6,0.24,1.3,17,9.2,6.4,1.2,0,0,14.6,,0.1,0,0.1,0.08,,-2.4,-1.7,-4.1,0
75,Greg Brown III,SF,20,POR,48,640,11,0.515,0.321,0.342,6.3,17.3,11.6,8.1,2,3.7,14.1,17.2,,-0.1,0.5,0.4,0.029,,-4,-0.7,-4.7,-0.4
76,Jaylen Brown,SF,25,BOS,66,2220,18.9,0.574,0.381,0.261,2.6,16.7,9.8,17.9,1.6,0.7,11.6,30.5,,2.3,3.4,5.8,0.124,,1.9,0.1,2.1,2.2
77,Moses Brown,C,22,TOT,40,345,18.5,0.612,0,0.667,12.7,30.5,21.7,0.4,1,4.2,12.5,20.7,,0.5,0.7,1.2,0.16,,-2.4,-0.9,-3.3,-0.1
77,Moses Brown,C,22,DAL,26,169,15.5,0.588,0,0.86,10.5,29.6,20.1,0.9,0.9,4.8,16.9,22.1,,0.1,0.3,0.4,0.111,,-4.7,-0.2,-4.8,-0.1
77,Moses Brown,C,22,CLE,14,176,21.4,0.636,0,0.5,14.8,31.4,23.2,0,1.1,3.5,7.8,19.3,,0.4,0.3,0.8,0.207,,-0.2,-1.7,-1.9,0
78,Sterling Brown,SG,26,DAL,49,628,8.4,0.495,0.594,0.097,4.6,21.8,13.2,7.5,1.1,1,12.5,13.2,,-0.1,0.9,0.8,0.061,,-3.4,0.5,-2.9,-0.1
79,Troy Brown Jr.,SF,22,CHI,66,1055,10.1,0.525,0.516,0.101,4.2,17.4,10.8,8.2,1.7,0.4,8.8,12.3,,0.5,0.9,1.4,0.065,,-1.7,-0.2,-1.8,0.1
80,Jalen Brunson,PG,25,DAL,79,2524,17.1,0.583,0.25,0.211,1.9,11.7,6.8,24.3,1.3,0.1,10.1,21.9,,4.9,2.7,7.5,0.143,,0.9,0,0.9,1.9
81,Thomas Bryant,C,24,WAS,27,439,16.6,0.607,0.284,0.27,6.7,20.4,13.6,7.9,0.7,4.1,10.3,18.7,,0.7,0.4,1.1,0.118,,-0.4,-0.7,-1,0.1
82,Shaq Buchanan,PG,25,MEM,2,10,0.6,0.25,0.5,0,10.2,10.7,10.5,24.9,4.8,0,33.3,24.6,,-0.1,0,0,-0.23,,-11.2,0.1,-11.2,0
83,Reggie Bullock,SF,30,DAL,68,1902,9.2,0.558,0.782,0.096,1.9,12.2,7,6.1,1.1,0.7,7.1,13.3,,1.2,2,3.2,0.08,,-1.4,0,-1.4,0.3
84,Trey Burke,PG,29,DAL,42,441,10,0.475,0.381,0.107,1,7.3,4.2,20.7,1.4,0,10.4,25.6,,-0.4,0.4,0,0.003,,-3.6,-1.4,-5,-0.3
85,Alec Burks,SG,30,NYK,81,2318,13.7,0.559,0.534,0.363,2.1,16.6,9.2,15.7,1.8,1.1,9.7,17.7,,3.2,2.9,6.1,0.126,,-0.4,1.2,0.8,1.7
86,Jared Butler,SG,21,UTA,42,360,12.1,0.509,0.583,0.106,1.6,11.8,6.8,26,2.3,2,17.3,23.1,,0,0.5,0.4,0.057,,-2.3,0.7,-1.6,0
87,Jimmy Butler,SF,32,MIA,57,1931,23.6,0.592,0.14,0.549,6.1,13.5,9.9,26.4,2.4,1.5,10.5,26.5,,6.2,2.9,9.2,0.228,,4.5,1.9,6.3,4
88,Devontae Cacok,PF,25,SAS,15,121,20.2,0.675,0,0.226,6.9,29.7,18.2,6.9,3.2,4.9,8.1,12.9,,0.3,0.3,0.5,0.206,,0.7,3.5,4.2,0.2
89,Kentavious Caldwell-Pope,SG,28,WAS,77,2329,12.6,0.568,0.492,0.186,2,10.3,6.2,9.1,1.8,0.9,9.8,19,,1.4,1.4,2.8,0.058,,-0.9,-0.6,-1.5,0.3
90,Facundo Campazzo,PG,30,DEN,65,1184,11.1,0.503,0.652,0.264,2.2,8.6,5.5,24.1,2.6,1.8,16.9,14.7,,0.6,1.3,2,0.081,,-2.1,1.3,-0.8,0.4
91,Vlatko Čančar,PF,24,DEN,15,176,12.7,0.657,0.293,0.341,5.2,14.1,9.8,13.2,0.6,1.5,16,14,,0.3,0.1,0.4,0.114,,-0.9,-0.9,-1.7,0
92,Devin Cannady,PG,25,ORL,5,145,8.6,0.531,0.841,0.159,0.7,3.7,2.2,10,1.7,1.9,9.6,15.5,,0,0.1,0.1,0.033,,-2.8,-0.4,-3.2,0
93,Clint Capela,C,27,ATL,74,2042,21.4,0.604,0.002,0.28,15,31.9,23.5,6.6,1.3,4.1,6.1,15.5,,5.6,2.7,8.3,0.195,,2.2,-0.1,2,2.1
94,Vernon Carey Jr.,C,20,TOT,7,44,15.8,0.534,0,1,19.9,9.8,14.8,0,2.2,1.9,13.8,21.6,,0,0,0.1,0.068,,-3,-4.5,-7.5,-0.1
94,Vernon Carey Jr.,C,20,CHO,4,17,17.2,0.546,0,0.5,18.4,12.6,15.6,0,2.8,0,12,20.8,,0,0,0,0.099,,-2.8,-5.2,-8,0
94,Vernon Carey Jr.,C,20,WAS,3,27,15,0.526,0,1.429,20.8,8.1,14.4,0,1.8,3.1,14.9,22.1,,0,0,0,0.049,,-3.2,-4.1,-7.3,0
95,Jevon Carter,PG,26,TOT,66,905,9.6,0.531,0.672,0.071,1.7,11.2,6.6,14,1.3,1.4,11.5,14,,0.5,0.7,1.2,0.062,,-1.8,-0.4,-2.2,-0.1
95,Jevon Carter,PG,26,BRK,46,552,6.5,0.462,0.73,0.057,1.8,11.2,6.6,10.9,1.2,1.6,12.7,15.9,,-0.4,0.4,-0.1,-0.005,,-3.6,-0.9,-4.4,-0.3
95,Jevon Carter,PG,26,MIL,20,353,14.4,0.679,0.544,0.101,1.5,11.2,6.5,18.8,1.4,1.1,8.8,10.9,,0.9,0.3,1.2,0.167,,0.9,0.3,1.2,0.3
96,Wendell Carter Jr.,C,22,ORL,62,1852,18.4,0.601,0.313,0.303,7.9,29.1,18.5,15.4,0.9,2.1,13.1,20.9,,2.6,2.4,5,0.129,,1,0.6,1.6,1.7
97,Alex Caruso,SG,27,CHI,41,1147,11.7,0.528,0.492,0.285,3.3,11.2,7.3,18.5,3,1.1,16.5,13.3,,0.7,1.2,2,0.082,,-2.2,2.3,0.2,0.6
98,Willie Cauley-Stein,C,28,TOT,20,183,8.3,0.474,0.057,0.057,7.9,16.4,12.2,7.5,1.7,1.5,16.3,10.6,,0,0.3,0.2,0.066,,-4.1,1.1,-3,0
98,Willie Cauley-Stein,C,28,DAL,18,177,8.4,0.474,0.057,0.057,8.2,15.7,11.9,7,1.7,1.5,16.3,10.9,,0,0.2,0.2,0.063,,-4.1,0.9,-3.1,0
98,Willie Cauley-Stein,C,28,PHI,2,6,4.2,,,,0,36.6,18.6,20.4,0,0,,0,,0,0,0,0.136,,-4.6,5.8,1.2,0
99,Ahmad Caver,PG,25,IND,1,1,76.2,1,0,0,0,0,0,0,0,0,0,42.8,,0,0,0,1.204,,30.2,6.3,36.5,0
100,Justin Champagnie,SF,20,TOR,36,281,13.6,0.571,0.418,0.134,13.5,14.3,13.9,5.4,1.4,1.4,10.1,12,,0.5,0.3,0.8,0.138,,-1.3,-0.7,-2,0
101,Zylan Cheatham,SF,26,UTA,1,5,-23.8,0,0.667,0,0,0,0,0,0,0,0,26.1,,-0.1,0,-0.1,-0.61,,-19.3,-11.3,-30.6,0
102,Chris Chiozza,PG,26,GSW,34,372,4.4,0.407,0.654,0.037,2.7,7.7,5.3,22.5,1.7,0,28,13.4,,-0.5,0.5,0,-0.004,,-5.7,-0.2,-6,-0.4
103,Marquese Chriss,PF,24,DAL,34,346,14.8,0.518,0.187,0.246,10.6,22.5,16.5,7.7,1.9,3.1,10.3,21.5,,0.2,0.6,0.8,0.108,,-3.8,0,-3.8,-0.2
104,Josh Christopher,SG,20,HOU,74,1334,12.2,0.534,0.378,0.226,4.3,11.1,7.7,17.3,2.3,0.9,17.2,21.1,,-0.4,0.7,0.3,0.01,,-2.2,-1.3,-3.5,-0.5
105,Gary Clark,PF,27,NOP,38,378,11.4,0.547,0.795,0.114,6.6,20.1,13.2,6.4,1.7,1.8,9.8,11.6,,0.3,0.4,0.7,0.092,,0.1,0,0.1,0.2
106,Brandon Clarke,PF,25,MEM,64,1246,23.7,0.66,0.049,0.291,11.1,17.8,14.4,10.3,1.5,4.9,6.3,17.7,,4.4,1.9,6.3,0.241,,3.1,1.1,4.2,2
107,Jordan Clarkson,SG,29,UTA,79,2141,14.9,0.532,0.536,0.156,3.5,10.2,7,14.5,1.5,0.7,9.8,26.8,,1.5,2,3.5,0.079,,0.5,-1.2,-0.6,0.7
108,Nic Claxton,C,22,BRK,47,974,18.6,0.672,0,0.352,10.4,18.9,14.8,6.4,1.2,4.7,11.1,15.1,,2.3,1.2,3.5,0.171,,0.3,0.2,0.4,0.6
109,Amir Coffey,SG,24,LAC,69,1567,13,0.598,0.545,0.251,1.8,11.2,6.7,11.4,1.2,0.8,8,15.8,,2.3,1.5,3.8,0.116,,-0.3,0,-0.3,0.7
110,John Collins,PF,24,ATL,54,1663,18.7,0.61,0.273,0.262,6.2,21.5,13.9,8.9,1,3,7.7,20.5,,3.6,1.4,5.1,0.146,,1.5,0,1.5,1.5
111,Zach Collins,PF,24,SAS,28,502,16.4,0.594,0.265,0.419,9.5,22.5,16,16.3,1.2,3.8,19.7,19.2,,0.6,0.7,1.2,0.118,,-1.2,1,-0.2,0.2
112,Darren Collison,PG,34,LAL,3,37,-0.2,0.286,0.429,0,0,11.6,5.8,6.8,1.3,0,12.5,9.3,,-0.1,0,-0.1,-0.07,,-10,-0.9,-10.9,-0.1
113,Mike Conley,PG,34,UTA,72,2058,17.2,0.572,0.523,0.205,2.6,8.8,5.8,27.7,2.3,0.9,12.5,20.9,,4.4,2.3,6.7,0.157,,2.4,0.7,3.1,2.7
114,Pat Connaughton,SG,29,MIL,65,1691,13.4,0.62,0.746,0.109,2.9,14,8.6,6.6,1.7,0.9,6.3,14,,2.8,1.6,4.4,0.125,,0.8,0.4,1.2,1.4
115,Tyler Cook,PF,24,CHI,20,200,13,0.643,0,0.842,9.1,20.7,14.9,2,1,1.7,11.8,13,,0.4,0.2,0.5,0.127,,-3,-1.1,-4.1,-0.1
116,Sharife Cooper,PG,20,ATL,13,39,-5.4,0.25,0.429,0,0,14,7,16.3,0,0,26.3,21.3,,-0.2,0,-0.2,-0.297,,-11.3,-5,-16.3,-0.1
117,Petr Cornelie,PF,26,DEN,13,38,9.6,0.418,0.533,0.267,21.3,19.9,20.6,10.8,1.3,2.4,19.3,24,,-0.1,0,0,-0.015,,-6.1,-2.7,-8.8,-0.1
118,DeMarcus Cousins,C,31,TOT,48,718,18.2,0.567,0.377,0.386,11.7,29.1,20.6,15.2,2.4,2.7,18.3,28.1,,0.3,1.3,1.6,0.104,,-1.8,0.2,-1.6,0.1
118,DeMarcus Cousins,C,31,MIL,17,287,19,0.572,0.407,0.322,9.1,26.8,18.1,9.3,2.7,2.7,10.6,22.4,,0.5,0.5,1,0.162,,-0.3,0.9,0.6,0.2
118,DeMarcus Cousins,C,31,DEN,31,431,17.6,0.565,0.359,0.422,13.4,30.6,22.3,19.1,2.2,2.7,22,31.9,,-0.2,0.8,0.6,0.065,,-2.8,-0.2,-3.1,-0.1
119,Robert Covington,PF-SF,31,TOT,71,1940,12.4,0.572,0.681,0.139,3.3,18.9,11,6.8,2.6,4.4,12.4,13.5,,0.8,2.4,3.2,0.08,,-1.6,1.8,0.2,1.1
119,Robert Covington,PF,31,POR,48,1431,10,0.519,0.685,0.107,3,18.6,10.5,6.7,2.5,4.3,14.2,12.4,,-0.3,1.4,1.1,0.037,,-2.9,1.6,-1.3,0.3
119,Robert Covington,SF,31,LAC,23,509,19.4,0.677,0.673,0.204,3.9,20,12.2,7,2.8,4.7,8.8,16.7,,1.1,1,2.1,0.2,,1.9,2.2,4.1,0.8
120,Torrey Craig,SF,31,TOT,78,1596,11,0.556,0.531,0.118,5.9,15.4,10.7,7.6,1.4,2,12.6,14.3,,0.9,1.4,2.3,0.07,,-1.7,-0.1,-1.8,0.1
120,Torrey Craig,SF,31,IND,51,1034,10.8,0.555,0.491,0.125,6.3,14.9,10.5,7.7,1.1,1.6,11.6,13.9,,0.8,0.4,1.2,0.056,,-1.6,-0.6,-2.2,-0.1
120,Torrey Craig,SF,31,PHO,27,562,11.4,0.558,0.6,0.106,5.3,16.4,11,7.5,1.9,2.7,14.3,15,,0.2,1,1.1,0.096,,-1.9,0.9,-1.1,0.1
121,Jae Crowder,PF,31,PHO,67,1886,11.3,0.541,0.671,0.165,1.8,18,10.1,8.3,2.4,1.4,8.6,14.6,,0.9,3.4,4.3,0.11,,-1.3,2.4,1.1,1.5
122,Jarrett Culver,SG,22,MEM,37,338,8.7,0.433,0.348,0.252,3.9,11.1,7.4,13,2.8,1.3,11.8,20.6,,-0.4,0.5,0.1,0.012,,-5.7,0.3,-5.4,-0.3
123,Jarron Cumberland,SG,24,POR,3,12,8.4,0.5,0.5,0,8.8,19,13.7,11.6,0,0,0,7.2,,0,0,0,0.079,,-4.4,-2.2,-6.6,0
124,Cade Cunningham,PG,20,DET,64,2088,13.1,0.504,0.352,0.163,2.9,16.2,9.2,29.1,1.8,1.9,17.5,27.5,,-2.4,1.9,-0.5,-0.011,,-1.1,-0.5,-1.6,0.2
125,Seth Curry,SG,31,TOT,64,2135,13.7,0.615,0.506,0.127,1.1,9.1,5.2,16.3,1.2,0.6,12.3,18.5,,2.7,1.5,4.2,0.095,,0.3,-0.9,-0.6,0.8
125,Seth Curry,SG,31,PHI,45,1566,13.3,0.603,0.473,0.138,1.2,9.4,5.4,17.7,1.1,0.6,13,18.5,,1.7,1.1,2.9,0.088,,-0.1,-0.9,-1,0.4
125,Seth Curry,SG,31,BRK,19,569,14.6,0.645,0.588,0.1,0.8,8.4,4.7,12.5,1.4,0.5,10.2,18.5,,1,0.3,1.3,0.112,,1.5,-0.8,0.7,0.4
126,Stephen Curry,PG,33,GSW,64,2211,21.4,0.601,0.613,0.243,1.7,14.4,8.3,30.4,1.9,1,13.2,30.8,,4.6,3.4,8,0.173,,5.4,0.4,5.8,4.4
127,Anthony Davis,C,28,LAL,40,1404,23.9,0.578,0.101,0.351,8.1,22,15.1,14.7,1.7,5.7,9.3,27.1,,2.6,2,4.5,0.155,,2.6,1.2,3.8,2
128,Ed Davis,C,32,CLE,31,201,9.3,0.632,0,0.875,7.9,26.9,17.6,4.5,0.7,4,18.4,6,,0.2,0.3,0.5,0.126,,-4.2,2.5,-1.8,0
129,Terence Davis,SG,24,SAC,30,536,14.6,0.543,0.558,0.165,2.2,17,9.5,11.9,2.2,1.8,10.3,25.6,,0,0.5,0.5,0.044,,-0.6,-0.4,-0.9,0.2
130,Gabriel Deck,PF,26,OKC,7,56,11.5,0.643,0.286,0,1.8,9.3,5.5,13.7,0.9,0,12.5,12.3,,0.1,0,0.1,0.08,,-1.2,-1.3,-2.5,0
131,Dewayne Dedmon,C,32,MIA,67,1065,15.9,0.632,0.162,0.345,11.4,29.4,20.6,6.7,1.1,4.2,17.3,16.9,,1.5,2,3.5,0.157,,-2.2,1.1,-1,0.3
132,Sam Dekker,PF,27,TOR,1,1,0,,,,0,0,0,0,0,0,,0,,0,0,0,0.003,,-6.2,-3.4,-9.6,0
133,Javin DeLaurier,C,23,MIL,1,3,15.6,,,,0,34.6,17.7,0,16,0,,0,,0,0,0,0.26,,-4.8,11.8,7,0
134,DeMar DeRozan,PF,32,CHI,76,2743,23.1,0.59,0.093,0.386,2.3,13.7,8,23.3,1.2,0.8,9.2,31.8,,7,1.8,8.8,0.154,,3.4,-0.9,2.5,3.1
135,Mamadi Diakite,PF,25,OKC,13,188,11.6,0.54,0.106,0.234,9.2,23.3,16.1,1.6,1.3,4.5,11.9,13.5,,0.1,0.3,0.3,0.08,,-5.9,0.9,-5,-0.1
136,Cheick Diallo,C,25,DET,3,31,12.3,0.517,0,0.75,13.3,29.4,20.9,0,1.6,0,8.6,16.1,,0,0,0.1,0.108,,-4.2,-3.3,-7.5,0
137,Hamidou Diallo,SG,23,DET,58,1269,15.7,0.541,0.177,0.266,5.6,18.7,11.8,9.8,2.7,1.2,9,21.8,,0.6,1.5,2.1,0.079,,-1.2,0.7,-0.5,0.5
138,Gorgui Dieng,C,32,ATL,44,371,17.3,0.624,0.607,0.232,9.5,26.1,17.8,12.7,1.5,3.1,13.9,16.9,,0.8,0.4,1.2,0.155,,1.4,0.8,2.1,0.4
139,Spencer Dinwiddie,PG,28,TOT,67,1980,15.1,0.543,0.449,0.343,2.6,13,7.8,25.7,1.1,0.6,10.9,21.4,,2.7,1.4,4.1,0.098,,0.8,-0.4,0.3,1.1
139,Spencer Dinwiddie,PG,28,WAS,44,1330,13.2,0.501,0.459,0.291,3,14,8.6,27.5,1,0.4,11.6,21,,0.9,0.7,1.6,0.058,,-0.3,-0.7,-0.9,0.3
139,Spencer Dinwiddie,PG,28,DAL,23,650,19,0.624,0.428,0.449,1.5,10.8,6.2,22,1.3,0.8,9.6,22.3,,1.8,0.7,2.5,0.182,,2.8,0.1,2.9,0.8
140,Donte DiVincenzo,SG,25,TOT,42,1006,11.3,0.51,0.649,0.247,4.3,14,9.1,16.1,2.3,0.7,16.2,18.9,,-0.1,0.9,0.7,0.035,,-1.8,-0.5,-2.3,-0.1
140,Donte DiVincenzo,SG,25,MIL,17,341,7.9,0.47,0.627,0.229,5.7,12.8,9.3,11.3,1.5,0.8,17.7,19.8,,-0.4,0.3,-0.1,-0.009,,-3.8,-1.6,-5.5,-0.3
140,Donte DiVincenzo,SG,25,SAC,25,665,13,0.532,0.661,0.257,3.6,14.5,9,18.6,2.7,0.7,15.4,18.5,,0.2,0.6,0.8,0.058,,-0.8,0.1,-0.6,0.2
141,Luka Dončić,PG,22,DAL,65,2301,25.1,0.571,0.406,0.349,2.7,26,14.3,46,1.6,1.4,15.3,37.4,,3.8,3.8,7.6,0.159,,6.4,1.8,8.2,5.9
142,Luguentz Dort,SF,22,OKC,51,1665,12.3,0.541,0.539,0.263,2.3,10.9,6.5,8.6,1.3,1,9.8,23.3,,0.2,1.1,1.4,0.04,,-1.5,-0.7,-2.3,-0.1
143,Ayo Dosunmu,SG,22,CHI,77,2110,11.2,0.596,0.348,0.146,1.4,9.9,5.7,16.5,1.4,1.2,15.9,14.1,,1.7,1.3,3,0.069,,-1.9,-0.1,-2,0
144,Damyean Dotson,SG,27,NYK,2,21,6.4,0.5,0.25,0,0,10.4,5.1,6.9,0,0,0,8.3,,0,0,0,0.045,,-3.7,-1.2,-4.9,0
145,Devon Dotson,PG,22,CHI,11,85,9.8,0.538,0.391,0.391,1.3,10.5,6,23.9,0.6,0,15.6,16.6,,0.1,0,0.1,0.048,,-3.4,-1.5,-4.9,-0.1
146,Sekou Doumbouya,PF,21,LAL,2,16,40.7,0.717,0.25,0.5,13.5,26.8,20.2,0,9,11.1,17,31.6,,0,0.1,0.1,0.3,,8.8,10,18.8,0.1
147,Jeff Dowtin,PG,24,TOT,9,108,6.8,0.353,0.346,0.077,7.9,9.8,8.9,12.7,2.2,0.9,15.7,12.8,,-0.1,0.1,0,-0.01,,-5.7,0.1,-5.6,-0.1
147,Jeff Dowtin,PG,24,GSW,4,28,9.5,0.5,0.167,0,4,22.7,13.7,14.6,0,3.4,14.3,10.9,,0,0,0.1,0.089,,-4.2,0.7,-3.6,0
147,Jeff Dowtin,PG,24,MIL,1,3,-12.9,0,1,0,0,0,0,0,0,0,0,14.2,,0,0,0,-0.344,,-15.7,-6.9,-22.6,0
147,Jeff Dowtin,PG,24,ORL,4,77,6.5,0.327,0.368,0.105,9.6,5.5,7.5,12.5,3.1,0,16.8,13.4,,-0.1,0.1,-0.1,-0.033,,-5.8,0.2,-5.6,-0.1
148,PJ Dozier,SG,25,DEN,18,340,8.7,0.463,0.485,0.131,4.8,15.6,10.3,11.3,1.6,1.6,11,15.2,,-0.1,0.4,0.3,0.038,,-3,1,-2,0
149,Goran Dragić,PG,35,TOT,21,498,10,0.474,0.417,0.219,2.9,11.3,7.1,22.9,1.9,0.7,17,17.2,,-0.1,0.4,0.4,0.034,,-2.8,-0.4,-3.3,-0.2
149,Goran Dragić,PG,35,TOR,5,90,16.2,0.521,0.412,0.294,2.3,15.3,8.4,14.4,2.8,1.1,2.5,18.7,,0.2,0.1,0.3,0.162,,-0.6,2.6,1.9,0.1
149,Goran Dragić,PG,35,BRK,16,408,8.6,0.46,0.419,0.197,3,10.4,6.8,24.7,1.7,0.7,20.6,16.9,,-0.2,0.3,0.1,0.006,,-3.3,-1.1,-4.4,-0.3
150,Andre Drummond,C,28,TOT,73,1437,21,0.574,0.007,0.379,18,34.1,26.2,13.7,2.7,4.2,18.5,19,,2,3.1,5.1,0.17,,-0.1,1.4,1.3,1.2
150,Andre Drummond,C,28,PHI,49,902,19.3,0.544,0.008,0.345,17.1,36.1,26.8,16,3.1,4.5,22.4,17.6,,0.7,2.2,2.9,0.153,,-1.2,2.5,1.3,0.7
150,Andre Drummond,C,28,BRK,24,535,23.8,0.61,0.005,0.421,19.4,30.6,25.1,9.8,2,3.8,13.5,21.5,,1.3,0.9,2.2,0.199,,1.7,-0.5,1.2,0.4
151,Chris Duarte,SG,24,IND,55,1541,12.3,0.537,0.411,0.18,2.9,13.6,8.2,10.9,1.8,0.6,11.8,21.1,,0.2,0.7,0.9,0.029,,-1.2,-1.1,-2.3,-0.1
152,David Duke Jr.,PG,22,BRK,22,341,10,0.444,0.343,0.194,9.8,11.5,10.7,6.6,2,1.8,7.1,15.9,,0,0.3,0.3,0.048,,-3,-0.9,-3.9,-0.2
153,Kris Dunn,PG,27,POR,14,336,12.5,0.482,0.108,0.176,2.8,13.6,8,35.1,3.3,0.9,22.5,18.3,,-0.1,0.3,0.2,0.024,,-4.6,-0.8,-5.4,-0.3
154,Kevin Durant,PF,33,BRK,55,2047,25.6,0.634,0.269,0.367,1.6,19.6,10.8,29.1,1.1,2.3,12.9,31.2,,6.4,2,8.4,0.198,,6.4,0.7,7.2,4.8
155,Jaime Echenique,C,24,WAS,1,3,0,,,,0,0,0,0,0,0,,0,,0,0,0,-0.012,,-5.5,-3,-8.5,0
156,Anthony Edwards,SG,20,MIN,72,2466,16.5,0.56,0.484,0.225,2.6,12.5,7.5,17.4,2,1.8,12.2,26.4,,1.8,2.4,4.3,0.084,,1.6,-0.4,1.2,2
157,Carsen Edwards,SG,23,DET,4,79,5.5,0.378,0.533,0.033,2.6,5.8,4.1,26.2,1.2,0,14.1,19.2,,-0.1,0,-0.1,-0.075,,-6,-3.4,-9.3,-0.1
158,Kessler Edwards,SF,21,BRK,48,987,8.3,0.516,0.509,0.071,5,13.8,9.5,4.1,1.4,2.2,13.2,13.8,,-0.2,0.9,0.6,0.031,,-3.1,-0.8,-3.8,-0.5
159,Rob Edwards,SG,25,OKC,2,11,-0.8,0.375,1,0,0,28.5,14,0,0,0,20,19.6,,-0.1,0,0,-0.181,,-8.3,-2.9,-11.2,0
160,CJ Elleby,SF,21,POR,58,1174,9.2,0.491,0.409,0.273,6,15.6,10.6,10.6,1.5,1.6,14,14.8,,-0.1,0.5,0.4,0.016,,-3.8,-1.5,-5.3,-1
161,Wayne Ellington,SG,34,LAL,43,810,9.9,0.593,0.89,0.046,1.3,8.9,5.1,5,1.4,0.5,7.3,13.8,,0.6,0.4,1,0.062,,-0.7,-0.6,-1.4,0.1
162,Joel Embiid,C,27,PHI,68,2297,31.2,0.616,0.188,0.602,7.2,31.1,19.4,23.5,1.7,3.9,11.3,37.2,,7.9,4.1,12,0.252,,7.2,2,9.2,6.5
163,James Ennis III,SF,31,TOT,7,56,17.7,0.553,0.333,0.208,9.9,13.1,11.6,7.4,1.7,3.1,7.1,22,,0.1,0.1,0.1,0.114,,-0.1,-1,-1.1,0
163,James Ennis III,SF,31,BRK,2,14,14.7,0.357,0.286,0,16,22.7,19.4,0,3.5,6.4,0,21.5,,0,0,0,0.034,,-0.5,-0.6,-1.1,0
163,James Ennis III,SF,31,LAC,2,28,26.3,0.784,0.364,0.364,7.8,11,9.5,0,1.7,3,7.3,21.6,,0.1,0,0.2,0.277,,3.7,0.3,4,0
163,James Ennis III,SF,31,DEN,3,14,3.7,0.311,0.333,0.167,8.2,7.7,8,29.8,0,0,13.4,23.3,,0,0,0,-0.134,,-7.2,-4,-11.1,0
164,Drew Eubanks,C,24,TOT,71,1245,18,0.638,0.062,0.35,11,22.2,16.5,10.1,1.2,2.8,15.9,17.5,,2.2,1.1,3.4,0.13,,-0.5,-0.9,-1.4,0.2
164,Drew Eubanks,C,24,SAS,49,595,16,0.588,0.05,0.497,11.2,23.4,17.3,11.1,1,4.2,19.2,17,,0.6,0.8,1.4,0.114,,-1.9,0.7,-1.2,0.1
164,Drew Eubanks,C,24,POR,22,650,19.9,0.678,0.071,0.241,10.8,21,15.7,9.1,1.4,1.5,13,18,,1.6,0.3,2,0.144,,0.8,-2.3,-1.5,0.1
165,Tacko Fall,C,26,CLE,11,59,11.3,0.398,0,0.583,13.4,29.4,21.6,4.6,0,9.1,16.6,13.6,,-0.1,0.1,0.1,0.043,,-4.1,0.8,-3.4,0
166,Derrick Favors,C,30,OKC,39,653,13.6,0.534,0.088,0.137,9,20.2,14.5,5.9,1.3,1.7,4.5,13.4,,0.8,0.7,1.4,0.105,,-2.3,0.3,-2.1,0
167,Bruno Fernando,C,23,TOT,30,152,21.2,0.671,0.036,0.436,13,26.6,19.8,7.5,0.3,6.5,17.6,22.4,,0.2,0.2,0.4,0.14,,-0.4,0.2,-0.1,0.1
167,Bruno Fernando,C,23,BOS,20,58,12.6,0.586,0.071,0.357,13.4,14.6,14,9.6,0,4.7,23.6,16.1,,0,0.1,0.1,0.102,,-3.2,0.4,-2.8,0
167,Bruno Fernando,C,23,HOU,10,94,26.5,0.699,0.024,0.463,12.8,34.1,23.4,6.3,0.5,7.6,15.4,26.3,,0.2,0.1,0.3,0.164,,1.3,0.2,1.5,0.1
168,Dorian Finney-Smith,PF,28,DAL,80,2644,12.5,0.604,0.629,0.12,5.1,10.7,7.9,8.2,1.7,1.3,9.9,13.8,,3.4,3.2,6.6,0.121,,0.1,0.7,0.8,1.9
169,Malik Fitts,PF,24,TOT,15,63,10.7,0.553,0.526,0,3.5,25.2,14.7,12.7,0,0,9.5,14.6,,0.1,0.1,0.1,0.097,,-0.6,-0.5,-1.1,0
169,Malik Fitts,PF,24,UTA,7,35,-1.6,0.333,0.444,0,0,30.3,15.6,0,0,0,18.2,13.7,,-0.1,0,-0.1,-0.104,,-7.9,-1.9,-9.8,-0.1
169,Malik Fitts,PF,24,BOS,8,28,26.1,0.75,0.6,0,7.9,18.8,13.5,28.6,0,0,0,15.7,,0.2,0,0.2,0.348,,8.6,1.2,9.8,0.1
170,Malachi Flynn,PG,23,TOR,44,537,11.7,0.488,0.492,0.131,1.9,11.3,6.4,18.5,1.9,0.7,6.3,16.5,,0.5,0.5,1,0.092,,-1.8,0.4,-1.5,0.1
171,Bryn Forbes,SG,28,TOT,75,1286,11.5,0.574,0.547,0.161,0.9,6.9,3.9,8.3,0.9,0.3,8.8,21.2,,0.8,0.6,1.4,0.054,,-0.7,-2.2,-2.9,-0.3
171,Bryn Forbes,SG,28,SAS,40,676,12.4,0.572,0.51,0.166,0.6,9.2,4.9,8.6,1.2,0.4,9.4,21.9,,0.3,0.4,0.7,0.053,,-0.3,-1.3,-1.6,0.1
171,Bryn Forbes,SG,28,DEN,35,610,10.6,0.578,0.593,0.156,1.1,4.3,2.7,8,0.6,0.3,8.1,20.3,,0.5,0.2,0.7,0.054,,-1.1,-3.2,-4.3,-0.4
172,Aleem Ford,SF,24,ORL,5,74,0.5,0.35,0.75,0,2.8,18.6,10.7,3.8,0.7,0,16.7,14,,-0.2,0.1,-0.2,-0.103,,-9.1,-2.2,-11.4,-0.2
173,Trent Forrest,PG,23,UTA,60,765,10.9,0.554,0.174,0.31,3.4,10.5,7.1,18.6,1.9,0.7,21.4,12.8,,0.5,0.8,1.3,0.084,,-2.3,1.2,-1,0.2
174,Evan Fournier,SG,29,NYK,80,2358,12.3,0.554,0.641,0.117,1.5,8.2,4.8,11.9,1.7,0.8,9.4,20.8,,1.5,2.2,3.7,0.075,,-0.4,-0.3,-0.7,0.7
175,De'Aaron Fox,PG,24,SAC,59,2083,17.4,0.549,0.228,0.319,1.3,10.9,6,26.8,1.6,1,11.9,29.1,,1.5,1,2.5,0.058,,0.6,-1.2,-0.6,0.7
176,Melvin Frazier,SG,25,OKC,3,120,-0.4,0.313,0.438,0.146,4.2,7,5.6,1.2,0.4,0,5.5,19.5,,-0.4,0,-0.4,-0.16,,-9.7,-6.7,-16.4,-0.4
177,Tim Frazier,PG,31,TOT,12,208,3.3,0.398,0.378,0.2,2.5,7.1,4.8,22.5,0.7,0.4,23.5,13.3,,-0.3,0.1,-0.2,-0.046,,-6.8,-1.8,-8.6,-0.3
177,Tim Frazier,PG,31,ORL,10,200,3.8,0.394,0.395,0.209,2.6,7.4,5,22.6,0.7,0.5,21.7,13,,-0.2,0.1,-0.2,-0.037,,-6.4,-1.7,-8,-0.3
177,Tim Frazier,PG,31,CLE,2,8,-10.3,0.5,0,0,0,0,0,17.9,0,0,50,22.1,,-0.1,0,0,-0.283,,-17.8,-5.8,-23.6,0
178,Enes Freedom,C,29,BOS,35,411,15,0.585,0.052,0.289,16.5,25.4,21,2.7,0.6,3.1,15.5,13.9,,0.6,0.7,1.4,0.16,,-1.2,-0.2,-1.4,0.1
179,Markelle Fultz,PG,23,ORL,18,360,17.7,0.517,0.097,0.177,1.2,13.2,7.2,48.9,2.7,1.3,17.5,27.5,,0,0.4,0.4,0.053,,-0.1,0.4,0.2,0.2
180,Wenyen Gabriel,PF,24,TOT,26,358,12.5,0.549,0.255,0.382,11.8,17.2,14.5,5.6,0.7,2.7,11.1,17.4,,0.4,0.3,0.7,0.09,,-3.7,-2.1,-5.9,-0.4
180,Wenyen Gabriel,PF,24,BRK,1,1,11.8,,,,0,100,54.5,0,0,0,,0,,0,0,0,0.167,,-1.9,0.3,-1.6,0
180,Wenyen Gabriel,PF,24,LAC,6,46,8.3,0.474,0.385,0.308,11.9,20.1,16.1,6,1.1,3.7,16.9,17,,0,0.1,0,0.041,,-6.6,-0.9,-7.5,-0.1
180,Wenyen Gabriel,PF,24,LAL,19,311,13.1,0.558,0.237,0.392,11.8,16.5,14.2,5.5,0.6,2.6,10.3,17.5,,0.4,0.2,0.6,0.096,,-3.3,-2.3,-5.7,-0.3
181,Daniel Gafford,C,23,WAS,72,1444,21.8,0.708,0.002,0.372,12.1,19,15.6,7.3,1,5.8,12,16.7,,4.4,1.6,6,0.198,,1.1,0.5,1.6,1.3
182,Danilo Gallinari,PF,33,ATL,66,1672,14.3,0.579,0.492,0.261,2.3,17.8,10.1,8.5,0.8,0.6,5.4,18.4,,2.8,0.8,3.6,0.105,,1,-1.2,-0.2,0.8
183,Langston Galloway,SG,30,TOT,7,107,0.7,0.269,0.615,0,3.1,14.7,9,13.7,0.4,0,18.8,12.8,,-0.3,0.1,-0.2,-0.1,,-8,-1.8,-9.8,-0.2
183,Langston Galloway,SG,30,BRK,4,58,1.8,0.462,0.615,0,1.9,12.8,7.5,11,0,0,27.8,13.3,,-0.1,0,-0.1,-0.072,,-7.6,-2.8,-10.4,-0.1
183,Langston Galloway,SG,30,MIL,3,49,-0.6,0.077,0.615,0,4.4,17,10.8,16.9,1,0,7.1,12.2,,-0.2,0,-0.1,-0.133,,-8.5,-0.6,-9.1,-0.1
184,Darius Garland,PG,22,CLE,68,2430,19,0.576,0.387,0.205,1.8,8.2,5.1,39.9,1.8,0.3,16.2,27.8,,3.8,2.5,6.3,0.125,,3.4,-0.8,2.6,2.8
185,Marcus Garrett,SG,23,MIA,12,128,4.7,0.28,0.19,0.238,8.1,12.2,10.2,7,2,2.5,7.9,8.8,,-0.1,0.2,0.1,0.032,,-6.4,1,-5.4,-0.1
186,Usman Garuba,PF,19,HOU,24,239,12.9,0.51,0.455,0.159,9.6,28.7,19.1,9.6,2,4.1,11.3,9.4,,0.2,0.3,0.5,0.105,,-1.8,0.9,-0.9,0.1
187,Luka Garza,C,23,DET,32,389,15.6,0.535,0.333,0.415,15.3,12.3,13.9,8.3,1.1,1.4,9.4,21.1,,0.5,0.2,0.8,0.093,,-0.5,-2,-2.5,-0.1
188,Rudy Gay,PF,35,UTA,55,1038,13,0.539,0.536,0.208,6,19.1,12.8,7.8,1.2,1.6,10.2,19.3,,0.8,1.3,2.1,0.097,,-0.7,-0.3,-1,0.3
189,Paul George,SF,31,LAC,31,1077,18.6,0.538,0.404,0.233,1.2,19.2,10.5,28.1,3,1,15.2,33.7,,-0.6,1.9,1.3,0.057,,1.7,1.9,3.6,1.5
190,Taj Gibson,C,36,NYK,52,946,12,0.606,0.229,0.313,9.8,16.3,13,4.9,1.2,4.2,12.5,10,,1.4,1.2,2.7,0.135,,-3,1,-2,0
191,Josh Giddey,SG,19,OKC,54,1700,13.3,0.478,0.318,0.118,5.8,19.8,12.7,32.3,1.5,1.1,19.5,22.2,,-1.3,1.7,0.4,0.01,,-1.2,0.3,-1,0.4
192,Shai Gilgeous-Alexander,PG,23,OKC,56,1942,20.9,0.557,0.282,0.385,1.9,13,7.4,31.1,1.8,2.2,11.1,30.8,,2.8,1.8,4.6,0.113,,2.9,0.5,3.4,2.7
193,Anthony Gill,PF,29,WAS,44,463,14.7,0.682,0.239,0.477,8,12.2,10.2,8.3,0.5,2,12,14.4,,1.1,0.2,1.4,0.14,,-0.6,-1.3,-1.9,0
194,Freddie Gillespie,PF,24,ORL,9,119,9.5,0.419,0.045,0.318,11.5,20.5,16,5.9,1.2,6.9,16.6,10.9,,-0.1,0.2,0.1,0.049,,-5.6,1,-4.6,-0.1
195,Rudy Gobert,C,29,UTA,66,2120,24.7,0.732,0.008,0.864,12.9,36.3,25,5.1,1,5.7,14.5,16.9,,7.3,4.3,11.7,0.264,,2.9,1.7,4.6,3.6
196,Brandon Goodwin,PG,26,CLE,36,502,11.8,0.501,0.357,0.247,3.1,11.4,7.4,26,2.5,0.2,17.4,18.2,,0.1,0.7,0.7,0.069,,-2.6,1.1,-1.6,0.1
197,Jordan Goodwin,SG,23,WAS,2,6,-20.4,0,0.333,0,0,18.2,9.2,0,0,0,0,22.2,,-0.1,0,-0.1,-0.533,,-24.7,-9.4,-34.1,0
198,Aaron Gordon,PF,26,DEN,75,2376,15.3,0.602,0.312,0.276,6.1,14.3,10.3,11.6,0.9,1.7,12.5,19.7,,3.2,2,5.2,0.105,,0.5,-1.1,-0.6,0.9
199,Eric Gordon,SG,33,HOU,57,1669,12.1,0.614,0.534,0.239,1,6.5,3.7,14.1,0.8,1,14.6,18.6,,1.5,-0.1,1.4,0.04,,-0.1,-2.2,-2.3,-0.1
200,Devonte' Graham,PG,26,NOP,76,2162,12.1,0.514,0.691,0.172,1.9,7.3,4.5,21,1.6,0.5,10.7,19.5,,1.6,1.2,2.8,0.062,,0.2,-1.2,-1,0.5
201,Jerami Grant,PF,27,DET,47,1500,16.1,0.556,0.363,0.371,1.9,12.4,6.9,12.5,1.4,2.9,9.5,25.7,,1.2,1.1,2.3,0.075,,1.4,-0.2,1.2,1.2
202,Hassani Gravett,PG,25,ORL,8,171,10.1,0.629,0.684,0.105,0.6,12.4,6.5,17,1.4,0.5,18.5,12.3,,0.1,0.1,0.3,0.071,,-2.4,0.2,-2.3,0
203,Danny Green,SF,34,PHI,62,1353,9.5,0.561,0.847,0.044,2.7,10.1,6.5,6.5,2.2,2.5,12.1,12.3,,0.3,1.6,1.9,0.067,,-1.4,0.8,-0.5,0.5
204,Draymond Green,PF,31,GSW,46,1329,14.3,0.582,0.21,0.354,3.8,23.2,13.8,32.5,2.2,3.6,31.9,14.3,,0.8,2.8,3.6,0.131,,-1.4,4.6,3.2,1.8
205,Jalen Green,SG,19,HOU,67,2138,12.5,0.547,0.48,0.247,1.7,10,5.8,13.1,1,0.8,11.3,23.7,,0.5,0.2,0.7,0.015,,-0.5,-2.4,-2.9,-0.5
206,JaMychal Green,PF,31,DEN,67,1085,14.1,0.587,0.379,0.284,8.6,19.9,14.5,7.6,1.9,2.2,13.4,17.2,,1.2,1.4,2.7,0.118,,-2,0.1,-1.8,0
207,Javonte Green,SF,28,CHI,65,1519,14,0.637,0.311,0.295,6.8,13.6,10.2,5.3,2.2,1.8,7.6,11.5,,2.9,1.5,4.4,0.139,,-0.6,0.7,0.1,0.8
208,Jeff Green,C,35,DEN,75,1849,12.5,0.627,0.318,0.374,2.6,11.1,7,7.3,0.7,1.3,10.3,16.3,,2.7,1.2,3.9,0.101,,-1.2,-1.2,-2.5,-0.2
209,Josh Green,SG,21,DAL,67,1039,11.9,0.578,0.305,0.176,5.6,11.7,8.6,11,2.2,1.2,13.8,13.9,,1,1.4,2.4,0.111,,-2.4,1.4,-1,0.3
210,Blake Griffin,PF,32,BRK,56,958,13.7,0.518,0.463,0.243,7,18.6,13,15,1.4,1.3,8.2,16.9,,1.2,0.9,2.1,0.106,,-0.6,0.1,-0.6,0.3
211,Quentin Grimes,SG,21,NYK,46,786,10.7,0.565,0.804,0.081,3.2,9.8,6.4,8.5,2,1.4,10.3,15.1,,0.6,0.9,1.4,0.087,,-1.2,0.9,-0.3,0.3
212,Kyle Guy,SG,24,MIA,19,186,9.5,0.526,0.615,0.185,2.5,7.8,5.2,13.5,1.9,0.6,15.6,19.9,,-0.1,0.2,0.1,0.035,,-3.1,-0.3,-3.4,-0.1
213,Rui Hachimura,PF,23,WAS,42,943,14.9,0.579,0.323,0.173,3,15.6,9.4,7.9,1.2,0.8,7.4,20.9,,0.9,0.6,1.4,0.073,,0.2,-1.7,-1.5,0.1
214,Tyrese Haliburton,SG-PG,21,TOT,77,2695,18.2,0.595,0.428,0.209,2.5,10.3,6.3,34.1,2.4,1.6,16.7,19,,5.2,1.8,7,0.125,,2.7,-0.1,2.6,3.1
214,Tyrese Haliburton,SG,21,SAC,51,1757,17,0.575,0.43,0.177,2.4,10,6.2,31.4,2.4,1.7,15.4,18.3,,2.7,1.2,4,0.109,,2.2,0.4,2.6,2
214,Tyrese Haliburton,PG,21,IND,26,938,20.5,0.629,0.424,0.266,2.6,10.9,6.7,38.9,2.5,1.4,18.9,20.3,,2.5,0.6,3,0.156,,3.7,-1,2.8,1.1
215,Tyler Hall,SG,24,NYK,1,2,0,,,,0,0,0,0,0,0,,0,,0,0,0,0.007,,-8.1,-0.5,-8.5,0
216,R.J. Hampton,SG,20,ORL,64,1402,8.5,0.481,0.4,0.256,1.7,12.9,7.3,16.9,1.4,0.8,14.6,18.4,,-1.3,1.1,-0.2,-0.005,,-4,-0.1,-4.1,-0.7
217,Tim Hardaway Jr.,SG,29,DAL,42,1245,12.7,0.52,0.574,0.194,1.2,12.8,7,11.4,1.5,0.4,5.6,22,,0.5,1.5,2,0.077,,-0.4,0.2,-0.2,0.6
218,James Harden,PG-SG,32,TOT,65,2419,20.9,0.583,0.452,0.54,2.6,19.7,11.3,40.3,1.7,1.3,18.8,27.2,,4.9,2.7,7.6,0.152,,3.7,0.3,4.1,3.7
218,James Harden,PG,32,BRK,44,1627,20.4,0.576,0.435,0.496,2.9,20.2,11.7,39.7,1.7,1.7,19.8,28.3,,2.6,1.8,4.4,0.13,,3.7,0.4,4.1,2.5
218,James Harden,SG,32,PHI,21,792,21.8,0.601,0.493,0.65,1.9,18.9,10.5,41.4,1.6,0.6,16.4,24.9,,2.3,0.9,3.3,0.197,,3.8,0.1,3.9,1.2
219,Maurice Harkless,SF,28,SAC,47,863,7.7,0.561,0.558,0.155,1.5,12.7,7.1,3.6,1.6,2.4,13.8,11.2,,-0.1,0.6,0.5,0.026,,-3.7,0.4,-3.3,-0.3
220,Jared Harper,PG,24,NOP,5,43,36.9,0.666,0.462,0.154,5,0,2.6,64.1,4.6,2.2,6.7,29.7,,0.3,0.1,0.4,0.422,,14.2,3.1,17.3,0.2
221,Montrezl Harrell,C,28,TOT,71,1641,23.2,0.68,0.031,0.533,10,18.7,14.4,13.9,0.9,2.3,9.5,20.2,,6.1,1.2,7.3,0.213,,3.7,0.1,3.9,2.4
221,Montrezl Harrell,C,28,WAS,46,1117,23.9,0.684,0.039,0.535,9.7,20.8,15.3,13.9,0.8,2.4,9.6,20.8,,4.2,0.9,5.1,0.217,,4.3,0.6,4.8,1.9
221,Montrezl Harrell,C,28,CHO,25,524,21.7,0.672,0.012,0.529,10.6,14.2,12.3,13.9,1,2.2,9.4,19,,1.9,0.3,2.2,0.203,,2.6,-0.8,1.8,0.5
222,Gary Harris,SG,27,ORL,61,1730,10.9,0.571,0.546,0.172,2.2,5.3,3.7,9.5,1.6,0.5,9.3,16.4,,1.1,1,2.2,0.06,,-2,-0.4,-2.4,-0.2
223,Joe Harris,SF,30,BRK,14,423,9.6,0.624,0.71,0.048,1.3,12.8,7.2,4.5,0.8,0.4,11.2,14.5,,0.3,0.2,0.5,0.06,,-0.9,-0.5,-1.4,0.1
224,Tobias Harris,PF,29,PHI,73,2543,15.9,0.566,0.269,0.198,3.4,18.1,10.9,15.9,0.9,1.5,9.5,21.7,,3,2.6,5.6,0.105,,0.6,-0.6,0,1.3
225,Shaquille Harrison,SG,28,BRK,2,23,4.6,0.333,0.333,0,4.9,13.8,9.5,16.6,2.1,3.9,25,15,,-0.1,0,0,-0.067,,-9,0.7,-8.3,0
226,Josh Hart,SG-SF,26,TOT,54,1791,16.1,0.61,0.374,0.371,3.7,20.7,12,18.9,1.7,0.7,14.7,18.6,,2.8,1.5,4.4,0.117,,0.5,0.5,1,1.4
226,Josh Hart,SG,26,NOP,41,1374,15.2,0.604,0.337,0.399,4.2,21.9,12.8,17.7,1.6,0.8,15.1,16.7,,2.1,1.4,3.4,0.119,,-0.2,0.9,0.7,0.9
226,Josh Hart,SF,26,POR,13,417,19.4,0.622,0.454,0.311,2.3,16.7,9.2,23.1,1.9,0.5,13.7,25,,0.8,0.2,1,0.112,,2.8,-1,1.9,0.4
227,Isaiah Hartenstein,C,23,LAC,68,1216,22,0.664,0.082,0.361,10.5,18.2,14.5,20.5,2,5.4,16.5,18.4,,3.3,2.2,5.5,0.215,,1.4,3.1,4.5,2
228,Udonis Haslem,C,41,MIA,13,83,8.6,0.495,0.129,0.097,5.6,28.2,17.1,7.4,0.6,1.3,13.4,20,,-0.1,0.1,0.1,0.033,,-6.4,-0.7,-7.1,-0.1
229,Sam Hauser,SF,24,BOS,26,158,14.8,0.65,0.88,0,3.5,16,9.9,9.1,0.3,1.2,3.8,14.5,,0.4,0.2,0.6,0.171,,2.7,-0.3,2.3,0.2
230,Jaxson Hayes,C,21,NOP,70,1398,18.5,0.68,0.143,0.472,8.9,16.2,12.5,4.7,1.2,3.8,10.1,16.4,,3.7,1.3,5.1,0.174,,0.6,-0.3,0.2,0.8
231,Killian Hayes,PG,20,DET,66,1647,9.3,0.461,0.364,0.161,2.2,12,6.9,24.6,2.3,1.9,18.4,15.7,,-1,1.5,0.5,0.014,,-4.3,0.8,-3.5,-0.6
232,Gordon Hayward,SF,31,CHO,49,1564,15.1,0.57,0.357,0.241,2.5,12.8,7.6,16.1,1.4,1.3,10.6,20.7,,1.9,1,2.8,0.087,,0.1,-0.8,-0.7,0.5
233,Aaron Henry,SF,22,PHI,6,17,-7.4,0.2,0.2,0,0,6.5,3.3,0,0,10.6,28.6,18.5,,-0.1,0,-0.1,-0.306,,-14,-2.4,-16.5,-0.1
234,Juancho Hernangómez,PF,26,TOT,40,445,11.5,0.542,0.651,0.321,7,17.1,12.2,6,1.6,2,11.7,13.4,,0.3,0.6,0.9,0.095,,-0.7,0.1,-0.6,0.2
234,Juancho Hernangómez,PF,26,BOS,18,96,3.8,0.307,0.667,0.333,10.4,17.6,14.1,4,2.1,1.9,16.2,17,,-0.3,0.2,-0.1,-0.05,,-6.9,-1.4,-8.3,-0.2
234,Juancho Hernangómez,PF,26,SAS,5,51,9,0.451,0.5,0.667,8.2,22.8,15.4,6.9,0.9,1.6,20.5,8.1,,0,0.1,0.1,0.055,,-2.4,-0.1,-2.5,0
234,Juancho Hernangómez,PF,26,UTA,17,298,14.5,0.638,0.658,0.288,5.7,16,11,6.5,1.5,2.1,8.9,13.2,,0.6,0.4,0.9,0.149,,1.5,0.7,2.2,0.3
235,Willy Hernangómez,C,27,NOP,50,839,22.2,0.582,0.037,0.431,18.5,26.3,22.3,11.9,1.2,2.2,11.6,22.5,,2.2,0.9,3.2,0.18,,1.8,-1.5,0.2,0.5
236,Tyler Herro,SG,22,MIA,66,2151,16.2,0.561,0.391,0.195,1.7,15.4,8.7,20.9,1,0.4,12.5,28.8,,1.3,2.4,3.8,0.084,,1.6,-0.9,0.7,1.5
237,Buddy Hield,SG,29,TOT,81,2499,12.9,0.548,0.652,0.116,2.9,12.8,7.8,13.8,1.4,0.9,11.7,22.4,,0.8,1.1,1.9,0.036,,0.5,-1.7,-1.2,0.5
237,Buddy Hield,SG,29,SAC,55,1574,11.9,0.54,0.714,0.133,2.9,12.4,7.6,10,1.5,0.8,10.9,22.5,,0,0.8,0.7,0.023,,0.2,-1.5,-1.3,0.3
237,Buddy Hield,SG,29,IND,26,925,14.5,0.563,0.546,0.086,2.7,13.4,8,20.3,1.3,0.9,13,22.4,,0.8,0.3,1.1,0.059,,1.1,-2.2,-1.1,0.2
238,Haywood Highsmith,SF,25,MIA,19,163,7,0.446,0.609,0.109,7.1,10.9,9,5.1,0.6,1.9,5.9,14,,0,0.2,0.1,0.041,,-3.3,-1.3,-4.6,-0.1
239,George Hill,SG,35,MIL,54,1253,10.2,0.552,0.487,0.225,3.3,9.7,6.6,12.4,1.6,0.5,11.9,11.7,,1.3,1,2.3,0.087,,-2.2,0.6,-1.5,0.1
240,Malcolm Hill,SF-SG,26,TOT,19,212,12.7,0.619,0.692,0.269,5.8,12.6,9.2,5,1.6,1.2,4.9,12.7,,0.4,0.2,0.6,0.126,,-1.1,-0.5,-1.6,0
240,Malcolm Hill,SG,26,ATL,3,46,19,0.871,0.625,0.5,4.8,9.5,7.1,2.9,4.3,1.9,0,9.3,,0.2,0.1,0.2,0.252,,0.3,3.5,3.8,0.1
240,Malcolm Hill,SF,26,CHI,16,166,11,0.568,0.705,0.227,6.1,13.5,9.8,5.6,0.9,1,5.8,13.6,,0.2,0.1,0.3,0.091,,-1.5,-1.6,-3.1,0
241,Solomon Hill,PF,30,ATL,13,139,3.3,0.2,0.65,0,4.8,13.3,9.1,10.3,1.4,1.3,4.8,6.6,,-0.1,0.1,0,-0.006,,-5.1,1.2,-4,-0.1
242,Nate Hinton,SG,22,IND,2,2,-45.2,0,0,0,0,0,0,0,0,0,50,42.8,,-0.1,0,-0.1,-1.231,,-28.1,-14.5,-42.6,0
243,Jaylen Hoard,SF,22,OKC,7,240,18,0.536,0.278,0.156,12.7,23.5,18,11.6,1.2,1.9,7.7,18.7,,0.3,0.3,0.6,0.118,,1.2,-2.1,-0.9,0.1
244,Aaron Holiday,PG,25,TOT,63,1021,12.6,0.544,0.305,0.201,2.6,10.3,6.5,20.7,2,0.7,15.4,18.7,,0.5,0.9,1.5,0.068,,-1.9,0.3,-1.7,0.1
244,Aaron Holiday,PG,25,WAS,41,663,11.3,0.547,0.313,0.164,1.5,9.5,5.6,17.1,1.8,1.2,14.5,18,,0.1,0.4,0.5,0.038,,-2.4,0.3,-2.1,0
244,Aaron Holiday,PG,25,PHO,22,358,14.9,0.538,0.29,0.266,4.6,11.7,8.2,27.4,2.4,0,16.8,20,,0.4,0.5,0.9,0.125,,-1,0.3,-0.8,0.1
245,Jrue Holiday,PG,31,MIL,67,2207,19.8,0.593,0.336,0.189,3.4,10.9,7.2,31.8,2.4,1.3,15,23.5,,4.5,2.4,6.9,0.15,,2.9,0.3,3.2,2.9
246,Justin Holiday,SF-SG,32,TOT,74,2057,9.5,0.543,0.728,0.094,1.5,8.8,5.1,8.6,1.3,1.4,9.2,15.8,,0.8,0.6,1.4,0.033,,-1.4,-0.8,-2.2,-0.1
246,Justin Holiday,SF,32,IND,49,1416,10.3,0.568,0.734,0.09,1.4,9.4,5.3,8.8,1.2,1.1,9.3,15.9,,1,0.3,1.4,0.047,,-0.8,-0.8,-1.7,0.1
246,Justin Holiday,SG,32,SAC,25,641,7.9,0.488,0.716,0.103,1.8,7.5,4.7,8.1,1.6,2,9,15.7,,-0.3,0.3,0,0.004,,-2.6,-0.8,-3.4,-0.2
247,Richaun Holmes,C,28,SAC,45,1074,17.8,0.689,0.017,0.3,9.3,22.9,16.1,6.8,0.8,3.3,14.2,15.8,,2.4,0.9,3.2,0.145,,-0.4,-0.1,-0.5,0.4
248,Rodney Hood,SF-SG,29,TOT,52,709,7.2,0.493,0.58,0.121,2.3,9.1,5.8,6.9,1,0.8,6.2,10.7,,0.2,0.5,0.7,0.048,,-3.1,-0.3,-3.3,-0.2
248,Rodney Hood,SF,29,MIL,39,581,6.7,0.47,0.611,0.107,2.4,9.7,6.1,6.5,1,0.7,4.9,10.6,,0.1,0.4,0.5,0.042,,-3.3,-0.2,-3.5,-0.2
248,Rodney Hood,SG,29,LAC,13,128,9.3,0.603,0.423,0.192,1.7,6.4,4.1,8.5,1.1,1.3,12.4,11.1,,0.1,0.1,0.2,0.075,,-2,-0.4,-2.5,0
249,Scotty Hopson,SG,32,OKC,1,18,0.1,0.5,0.25,0,0,5.8,2.9,8.1,0,0,33.3,14.4,,-0.1,0,0,-0.132,,-8.7,-2.9,-11.6,0
250,Al Horford,C,35,BOS,69,2005,16.7,0.574,0.466,0.167,6,22.2,14.3,16.4,1.2,4.2,9.6,14.8,,3.7,3.8,7.6,0.181,,1.4,2.9,4.3,3.2
251,Talen Horton-Tucker,SG,21,LAL,60,1511,11,0.503,0.338,0.232,2.6,11.1,6.9,14.9,1.9,1.7,12.1,19.2,,-0.2,1.2,1.1,0.033,,-3.2,-0.2,-3.3,-0.5
252,Danuel House Jr.,SF,28,TOT,42,727,10.6,0.555,0.591,0.293,2.8,13.8,8.4,8.4,1.4,2.1,12.9,15.2,,0.4,0.7,1,0.068,,-1.3,0.2,-1.1,0.2
252,Danuel House Jr.,SF,28,HOU,16,233,6.8,0.467,0.459,0.257,1.9,18.5,10.1,11.5,1,1.9,17.9,18.3,,-0.3,0.1,-0.2,-0.049,,-4.8,-0.7,-5.6,-0.2
252,Danuel House Jr.,SF,28,NYK,1,3,-13.4,0,1,0,0,0,0,0,0,0,0,14.6,,0,0,0,-0.342,,-12.6,-7.8,-20.4,0
252,Danuel House Jr.,SF,28,UTA,25,491,12.5,0.61,0.667,0.317,3.2,11.7,7.6,7,1.6,2.2,9.7,13.8,,0.7,0.6,1.3,0.125,,0.5,0.7,1.2,0.4
253,Dwight Howard,C,36,LAL,60,971,18.2,0.657,0.068,0.667,13.1,26.3,19.7,5,1.7,3.3,14.2,14.6,,2.2,1.3,3.5,0.174,,-0.2,0,-0.2,0.4
254,Markus Howard,SG,22,DEN,31,176,16.1,0.567,0.693,0.228,1.3,6.1,3.8,6.2,2.5,0,5.9,29.4,,0.1,0.2,0.3,0.082,,0.8,-2,-1.2,0
255,Kevin Huerter,SG,23,ATL,74,2188,11.9,0.57,0.541,0.068,1.6,11,6.4,13.2,1.2,1.1,10.4,17.5,,1.8,1,2.8,0.062,,-0.5,-0.7,-1.2,0.4
256,Jay Huff,C,23,LAL,4,20,0.6,0,0.667,0,5.4,16.1,10.8,5.9,2.4,4.5,25,8.6,,-0.1,0,0,-0.117,,-8.3,0.9,-7.4,0
257,Elijah Hughes,SG-SF,23,TOT,36,434,5.4,0.426,0.66,0.063,1.5,13.4,7.3,7.2,1.6,1.8,10.3,16.5,,-0.6,0.3,-0.4,-0.043,,-5.2,-1.7,-6.9,-0.5
257,Elijah Hughes,SF,23,UTA,14,112,10.5,0.576,0.778,0.083,2,14.2,8.3,7.6,1.8,0.8,15.8,17.2,,0,0.1,0.1,0.063,,-1.2,-0.3,-1.5,0
257,Elijah Hughes,SG,23,POR,22,322,3.7,0.375,0.62,0.056,1.3,13.1,7,7.1,1.5,2.1,8.3,16.2,,-0.7,0.1,-0.5,-0.079,,-6.6,-2.3,-8.8,-0.6
258,Feron Hunt,SF,22,NYK,2,8,-3,0,0,0,13.2,0,6.7,16,6.3,0,33.3,16.4,,-0.1,0,0,-0.234,,-12.3,1,-11.3,0
259,De'Andre Hunter,SF,24,ATL,53,1577,10.6,0.547,0.339,0.289,1.8,10.4,6.1,6.1,1.1,1.2,9.6,19.9,,0.4,0.7,1.1,0.034,,-2.4,-1.5,-3.9,-0.8
260,Chandler Hutchison,SF,25,PHO,6,22,1,0.694,0,1,0,23.8,12.2,10.5,0,0,58.1,13.5,,-0.1,0,0,-0.086,,-8,-0.5,-8.5,0
261,Bones Hyland,PG,21,DEN,69,1310,14.4,0.558,0.627,0.219,1.2,14.4,8,21.2,1.5,1.4,12.1,23.8,,1.1,1.3,2.4,0.088,,0.3,-0.7,-0.4,0.5
262,Serge Ibaka,C-PF,32,TOT,54,877,14.4,0.579,0.334,0.149,7.7,22.2,15.1,8.4,0.6,3.3,12,17.8,,0.8,1.1,2,0.108,,-1.3,-0.2,-1.5,0.1
262,Serge Ibaka,C,32,LAC,35,538,14.9,0.567,0.323,0.151,8.1,21,14.8,10.2,0.6,4.1,13.9,19.4,,0.3,0.8,1.1,0.096,,-1.3,0.3,-1,0.1
262,Serge Ibaka,PF,32,MIL,19,339,13.7,0.601,0.356,0.144,7,23.9,15.7,5.4,0.6,2,8.3,15.2,,0.5,0.4,0.9,0.128,,-1.4,-1,-2.4,0
263,Andre Iguodala,SF,38,GSW,31,603,12.3,0.478,0.612,0.165,3.9,13.9,9.1,24.7,2.2,3.5,17.7,11.4,,0.5,1.1,1.6,0.125,,-0.9,3.7,2.7,0.7
264,Joe Ingles,SF,34,UTA,45,1122,10,0.551,0.789,0.077,1.2,11.2,6.4,19,1,0.4,13.5,13.2,,1.3,0.9,2.2,0.094,,-0.7,0.5,-0.3,0.5
265,Brandon Ingram,SF,24,NOP,55,1869,18.7,0.554,0.23,0.328,2,17.3,9.5,27.8,0.9,1.3,11.8,29.3,,2.5,1.3,3.9,0.099,,2.6,-0.6,2,1.9
266,Kyrie Irving,PG,29,BRK,29,1091,21.4,0.592,0.388,0.209,1.6,10.8,6.3,25.2,1.8,1.4,9.8,29.4,,2.4,0.9,3.3,0.147,,4.2,-1.2,3,1.4
267,Wes Iwundu,SF,27,ATL,3,82,7.1,0.557,0.278,0.222,4,13.3,8.7,0,0.6,0,4.8,11.1,,0.1,0,0.1,0.046,,-4.1,-2.7,-6.8,-0.1
268,Frank Jackson,PG,23,DET,53,1164,10.6,0.53,0.578,0.215,1.7,6.7,4,7.6,1.1,0.7,6.7,20.9,,0.3,0.4,0.7,0.031,,-1.8,-1.7,-3.5,-0.4
269,Isaiah Jackson,PF,20,IND,36,541,20.5,0.607,0.078,0.427,12.2,18.7,15.4,2.9,2.3,8.4,14,22.5,,0.7,0.7,1.4,0.126,,-1.6,0.1,-1.5,0.1
270,Jaren Jackson Jr.,PF,22,MEM,78,2126,17,0.535,0.387,0.333,5.7,16.9,11.2,5.8,1.6,7.4,9.9,25.4,,1.7,3.7,5.4,0.121,,-0.9,0.8,-0.1,1
271,Josh Jackson,SF,24,TOT,51,830,9.5,0.491,0.433,0.257,2.6,16.4,9.2,10,1.5,2.4,12.3,19.7,,-0.7,0.7,0,0.001,,-4.1,-0.4,-4.5,-0.5
271,Josh Jackson,SF,24,DET,39,707,9.9,0.501,0.45,0.223,2.5,17.1,9.4,10.7,1.4,2.3,12.1,19,,-0.4,0.6,0.2,0.013,,-3.5,-0.2,-3.7,-0.3
271,Josh Jackson,SF,24,SAC,12,123,7.1,0.446,0.347,0.429,3.5,12.5,8,5.8,2,2.8,13.4,23.5,,-0.3,0.1,-0.2,-0.067,,-7.2,-2,-9.2,-0.2
272,Justin Jackson,SF,26,TOT,7,37,7.7,0.472,0.6,0.133,3,16.9,10.1,7.1,0,0,5.9,19.7,,0,0,0,0.032,,-2.2,-1.1,-3.3,0
272,Justin Jackson,SF,26,BOS,1,2,22.7,0.532,0,2,0,0,0,0,0,0,0,41.4,,0,0,0,0.251,,1.9,-4.4,-2.5,0
272,Justin Jackson,SF,26,PHO,6,35,6.8,0.464,0.643,0,3.1,17.9,10.7,7.5,0,0,6.7,18.4,,0,0,0,0.019,,-2.5,-0.9,-3.4,0
273,Reggie Jackson,SG,31,LAC,75,2337,12.1,0.488,0.419,0.133,1.8,10.2,6.1,24.6,1.2,0.5,11.8,27.6,,-1.7,2,0.4,0.008,,-1.4,-1.6,-2.9,-0.6
274,LeBron James,SF,37,LAL,56,2084,26.2,0.619,0.367,0.275,3.3,20.4,11.8,30.6,1.7,2.5,12.5,32.3,,5.2,2.3,7.5,0.172,,6.9,0.8,7.7,5.1
275,DeJon Jarreau,SG,24,IND,1,1,0,,,,0,0,0,0,0,0,,0,,0,0,0,-0.022,,-6.5,-1.5,-8,0
276,DaQuan Jeffries,SG,24,MEM,3,9,8.4,0.5,0.5,0,0,23.8,11.6,14,0,0,0,9.1,,0,0,0,0.099,,-5.8,0.9,-4.9,0
277,Ty Jerome,SG,24,OKC,48,801,11.3,0.488,0.567,0.143,2.4,7.7,5,21.3,1.8,0.6,9.6,20.8,,0,0.5,0.5,0.032,,-2.2,-0.2,-2.3,-0.1
278,Isaiah Joe,SG,22,PHI,55,609,7.7,0.519,0.763,0.175,1.1,9,5.1,8.1,1.1,0.4,9.1,15.5,,0,0.4,0.4,0.035,,-3.1,-1.5,-4.6,-0.4
279,Alize Johnson,PF,25,TOT,23,167,10.7,0.463,0.103,0.308,18.8,22.1,20.4,7.1,1.5,0,21.3,14.8,,0,0.1,0.1,0.041,,-3.6,-1.8,-5.5,-0.1
279,Alize Johnson,PF,25,CHI,16,121,10.2,0.537,0.087,0.304,15,18.5,16.7,8.6,1.2,0,23.5,12.4,,0.1,0.1,0.2,0.063,,-3.4,-0.6,-4,-0.1
279,Alize Johnson,PF,25,WAS,3,18,5.7,0.311,0.333,0.167,31.3,42.4,36.9,0,0,0,31.8,23.3,,-0.1,0,-0.1,-0.183,,-7.7,-8.3,-16.1,-0.1
279,Alize Johnson,PF,25,NOP,4,28,15.9,0.383,0,0.4,27.1,24.3,25.7,4.9,3.5,0,7.8,19.6,,0,0,0.1,0.088,,-1.9,-3,-4.9,0
280,B.J. Johnson,SF,26,ORL,4,65,12.1,0.52,0.4,0,9.7,14.7,12.2,0,0,1.4,0,16.7,,0.1,0,0.1,0.065,,-0.7,-3.9,-4.6,0
281,Cameron Johnson,PF,25,PHO,66,1730,15.2,0.625,0.644,0.188,2.7,14,8.5,7.7,1.6,0.8,6.7,17.5,,3.2,2.4,5.6,0.156,,2,0.7,2.7,2.1
282,David Johnson,SG,20,TOR,2,2,-20,0,1,0,0,0,0,0,0,0,0,21.4,,0,0,0,-0.495,,-19.1,-8.7,-27.8,0
283,Jalen Johnson,PF,20,ATL,22,120,11.3,0.59,0.317,0.171,1.8,21.8,11.9,3.7,1.2,1.5,17,19.3,,-0.1,0.1,0,0.013,,-3.9,-1.1,-4.9,-0.1
284,James Johnson,PF,34,BRK,62,1191,10.3,0.513,0.277,0.179,4.8,14.6,9.8,14.5,1.2,2.6,12.7,13.7,,0.6,1.1,1.7,0.068,,-2.7,0.6,-2.2,-0.1
285,Joe Johnson,SG,40,BOS,1,2,38.7,1,0,0,0,0,0,0,0,0,0,22,,0,0,0,0.335,,12.1,2.8,15,0
286,Keldon Johnson,SF,22,SAS,75,2392,15.2,0.574,0.395,0.231,3.5,16.7,10,9.5,1.2,0.5,7.6,21.3,,2.9,2,4.9,0.098,,0.7,-1.2,-0.5,0.9
287,Keon Johnson,SG,19,TOT,37,697,8.7,0.453,0.368,0.188,3.7,9.1,6.3,16.3,2,1.7,13.5,21.2,,-0.8,0.4,-0.5,-0.031,,-4,-2,-5.9,-0.7
287,Keon Johnson,SG,19,LAC,15,135,9.4,0.44,0.216,0.412,4.8,11.4,8.2,13.7,2.5,1.3,10.4,21.9,,-0.1,0.2,0.1,0.018,,-6,0.3,-5.7,-0.1
287,Keon Johnson,SG,19,POR,22,562,8.5,0.457,0.403,0.136,3.4,8.5,5.9,17,1.8,1.8,14.3,21.1,,-0.7,0.2,-0.5,-0.043,,-3.5,-2.5,-6,-0.6
288,Stanley Johnson,PF,25,LAL,48,1094,10.5,0.564,0.418,0.295,3.4,11.9,7.6,9.8,1.9,1.1,11,12.5,,0.9,0.9,1.8,0.079,,-2.8,0.1,-2.7,-0.2
289,Tyler Johnson,PG,29,TOT,6,91,7.1,0.425,0.65,0,3.5,10.7,7.1,9.5,1.6,2.8,9.1,10.5,,0,0.1,0.1,0.033,,-3.9,0.8,-3,0
289,Tyler Johnson,PG,29,PHI,3,38,9.4,0.55,0.7,0,3,14.4,8.8,7.4,1.3,2.4,9.1,13,,0,0,0.1,0.072,,-2.4,0.5,-2,0
289,Tyler Johnson,PG,29,SAS,3,53,5.5,0.3,0.6,0,3.9,8,5.9,11,1.8,3.2,9.1,8.8,,0,0,0,0.006,,-4.9,1.1,-3.8,0
290,Nikola Jokić,C,26,DEN,74,2476,32.8,0.661,0.22,0.357,9.6,35.5,23,42.6,2.2,2.3,15.6,31.9,,10.8,4.5,15.2,0.296,,9.2,4.5,13.7,9.8
291,Carlik Jones,PG,24,TOT,5,23,-1.8,0.202,0.111,0.222,4.8,9.7,7.3,26.7,2.2,0,23.3,25.1,,-0.2,0,-0.1,-0.285,,-11.3,-4.2,-15.5,-0.1
291,Carlik Jones,PG,24,DAL,3,19,-4,0.127,0.143,0.286,5.8,11.7,8.8,32.3,2.6,0,27.6,25.8,,-0.2,0,-0.1,-0.338,,-13,-4.3,-17.3,-0.1
291,Carlik Jones,PG,24,DEN,2,4,8.9,0.5,0,0,0,0,0,0,0,0,0,21.9,,0,0,0,-0.03,,-3,-3.7,-6.7,0
292,Damian Jones,C,26,SAC,56,1017,18.3,0.701,0.109,0.492,7.9,18.5,13.2,10.2,1.2,4,15.4,16.2,,2.4,0.9,3.3,0.156,,-0.2,0.5,0.3,0.6
293,Derrick Jones Jr.,PF,24,CHI,51,899,13,0.633,0.313,0.359,7.6,13.6,10.6,4.4,1.4,3.2,11.7,12.5,,1.4,0.8,2.2,0.119,,-1.5,0.5,-0.9,0.2
294,Herbert Jones,PF,23,NOP,78,2335,12.3,0.573,0.293,0.283,4.5,9.6,7,10,2.7,2.5,13.4,13.7,,2.1,2.5,4.6,0.096,,-2,1.5,-0.5,0.9
295,Jemerrio Jones,SF,26,LAL,2,15,14.8,0.667,0,0,14.4,7.1,10.8,0,3.2,0,0,8.6,,0,0,0.1,0.17,,-1.1,0.1,-1,0
296,Kai Jones,C,21,CHO,21,63,9.2,0.628,0.143,0.571,5,13.7,9.2,8.6,0.8,3,25.5,15.9,,0,0,0,0.009,,-5.2,-1.4,-6.6,-0.1
297,Mason Jones,SG,23,LAL,4,51,17.8,0.625,0.267,1,2.1,18.9,10.5,10.9,1.9,0,4.4,19,,0.2,0,0.2,0.201,,-1.2,0.3,-0.9,0
298,Tre Jones,PG,22,SAS,69,1148,15,0.545,0.15,0.268,2.6,11.6,7.1,27,1.8,0.5,10.8,15.6,,1.9,0.9,2.9,0.121,,-0.9,0.4,-0.5,0.4
299,Tyus Jones,PG,25,MEM,73,1549,16.5,0.544,0.371,0.12,1.1,11,5.9,28.2,2,0.1,7.3,16.6,,3.4,1.6,5.1,0.158,,1.2,0.5,1.7,1.4
300,DeAndre Jordan,C,33,TOT,48,622,17.2,0.641,0,0.28,14.7,31.4,23.1,4.9,0.9,5,18.7,13.9,,0.9,1,1.9,0.145,,-1.5,0.1,-1.4,0.1
300,DeAndre Jordan,C,33,LAL,32,408,17.5,0.657,0,0.292,13.5,31.8,22.7,4.5,1.2,5.7,17.3,12.8,,0.7,0.6,1.3,0.153,,-1.5,0.9,-0.6,0.2
300,DeAndre Jordan,C,33,PHI,16,214,16.5,0.615,0,0.259,17,30.8,24,5.6,0.5,3.8,21,16,,0.3,0.3,0.6,0.131,,-1.6,-1.4,-3,0
301,Cory Joseph,PG,30,DET,65,1600,11.4,0.579,0.393,0.283,1.9,10.3,5.9,21.8,1.3,1,15.9,14.3,,1.7,0.8,2.5,0.075,,-2,-0.1,-2.1,0
302,Georgios Kalaitzakis,SF,23,TOT,13,214,8.6,0.536,0.388,0.448,3,7.3,5.1,8.8,2.5,0.9,20,20.2,,-0.3,0.2,-0.1,-0.024,,-5.1,-1.9,-7,-0.3
302,Georgios Kalaitzakis,SF,23,MIL,9,48,5.8,0.535,0.364,0.818,9,8.7,8.8,0,1,2,21.1,16.9,,0,0,0,-0.01,,-5.8,-2.1,-7.9,-0.1
302,Georgios Kalaitzakis,SF,23,OKC,4,166,9.4,0.536,0.393,0.375,1.2,6.9,4,11.4,2.9,0.6,19.7,21.1,,-0.2,0.2,-0.1,-0.028,,-4.9,-1.9,-6.8,-0.2
303,Frank Kaminsky,C,28,PHO,9,181,21.3,0.635,0.227,0.303,6.7,17.3,12.1,10.1,2.1,3.4,6.3,19,,0.5,0.3,0.9,0.228,,2.4,2.5,4.9,0.3
304,Luke Kennard,SG,25,LAC,70,1919,13.3,0.619,0.662,0.121,1.1,11.2,6.3,11.2,1.1,0.3,8.2,16.8,,2.8,1.7,4.5,0.113,,0.8,-0.3,0.5,1.2
305,Braxton Key,SF,24,TOT,11,197,13.7,0.508,0.292,0.181,6.8,21.4,13.7,8.9,2.5,5,12.4,19.4,,-0.1,0.3,0.2,0.052,,-3.8,0.6,-3.3,-0.1
305,Braxton Key,SF,24,PHI,2,6,9,0.5,0.5,0,18.9,18.3,18.6,25.7,8.3,0,50,29.9,,0,0,0,-0.169,,-9.6,3.3,-6.2,0
305,Braxton Key,SF,24,DET,9,191,13.9,0.508,0.286,0.186,6.5,21.5,13.6,8.4,2.3,5.2,10.6,19,,0,0.3,0.2,0.059,,-3.7,0.5,-3.2,-0.1
306,George King,SF,28,DAL,4,19,-12.3,0.085,0.8,0.4,0,29.3,14.6,0,0,0,14.5,16.3,,-0.1,0,-0.1,-0.296,,-16.5,-3.5,-20.1,-0.1
307,Louis King,SF,22,SAC,10,104,8.1,0.438,0.574,0.213,0,12.7,6.3,12.5,0.9,0.8,0,21.2,,0,0,0,0,,-3,-1.6,-4.6,-0.1
308,Corey Kispert,SF,22,WAS,77,1801,10.9,0.586,0.623,0.121,3.3,9.4,6.4,6.7,1,1,8.5,14.6,,1.6,0.7,2.3,0.061,,-0.8,-1.5,-2.3,-0.1
309,Maxi Kleber,PF,30,DAL,59,1450,11,0.537,0.72,0.184,5.4,21.5,13.4,6.5,1,3.6,10.9,13.3,,0.7,2.3,3,0.098,,-1.6,1.2,-0.4,0.6
310,Brandon Knight,PG,30,DAL,5,65,13,0.561,0.68,0.32,0,13.7,6.8,18.6,0.8,0,12.3,22.5,,0.1,0.1,0.1,0.091,,-2.7,-1.9,-4.6,0
311,Nathan Knight,PF,24,MIN,37,267,18.7,0.603,0.148,0.682,12.5,21.8,17.1,11.9,1.2,2.9,13.6,20.7,,0.6,0.3,1,0.171,,-0.7,0.1,-0.6,0.1
312,Kevin Knox,SF,22,TOT,30,222,10.9,0.491,0.635,0.259,6.8,14.8,10.7,6.5,0.9,0.8,6.9,20,,0.1,0.2,0.2,0.047,,-1.9,-2.2,-4.1,-0.1
312,Kevin Knox,SF,22,NYK,13,111,11.6,0.529,0.7,0.25,7.6,13.8,10.7,4.2,0.9,0.9,10.1,19.5,,0,0.1,0.1,0.062,,0.5,-1.9,-1.4,0
312,Kevin Knox,SF,22,ATL,17,111,10.1,0.457,0.578,0.267,5.9,15.7,10.8,8.8,0.9,0.8,3.8,20.6,,0,0.1,0.1,0.031,,-4.4,-2.5,-6.9,-0.1
313,John Konchar,SG,25,MEM,72,1292,14,0.615,0.481,0.187,6.9,20.1,13.3,10.6,1.7,1.5,9.3,9.9,,2.4,1.8,4.2,0.155,,0.2,1.3,1.5,1.2
314,Furkan Korkmaz,SG,24,PHI,67,1414,10.2,0.502,0.566,0.179,1.8,11.9,6.9,13.1,1.2,0.6,8.6,17.6,,0.1,1.1,1.2,0.041,,-2,-1.1,-3.1,-0.4
315,Luke Kornet,C,26,TOT,15,103,16.6,0.506,0.185,0.222,14,16.4,15.2,12.4,1.4,2.6,0,12.7,,0.2,0.2,0.4,0.194,,-0.9,0.4,-0.5,0
315,Luke Kornet,C,26,CLE,2,15,8.7,0.316,0.2,0.6,15.1,7.2,11.1,8.8,0,5.9,0,18.6,,0,0,0,0.008,,-6.7,-3.2,-9.9,0
315,Luke Kornet,C,26,MIL,1,3,-5,0,0,0,36.1,0,17.7,0,0,0,0,14.2,,0,0,0,-0.154,,-14.2,-10.5,-24.7,0
315,Luke Kornet,C,26,BOS,12,85,18.8,0.582,0.19,0.143,13,18.6,15.9,13.5,1.8,2.1,0,11.6,,0.3,0.2,0.4,0.239,,0.6,1.4,2.1,0.1
316,Vit Krejci,SG,21,OKC,30,690,8.5,0.529,0.587,0.132,2.6,12.6,7.5,11.9,1.3,1.1,14.1,12.9,,0.1,0.5,0.6,0.042,,-4.3,-1,-5.3,-0.6
317,Arnoldas Kulboka,SF,24,CHO,2,5,-10.7,0,1,0,0,0,0,0,0,0,0,8.5,,0,0,0,-0.217,,-14.7,-7.1,-21.8,0
318,Jonathan Kuminga,SF,19,GSW,70,1185,15.2,0.6,0.324,0.413,5.1,16.1,10.8,8.4,1.3,1.8,12,22.7,,1.3,1.8,3,0.123,,-1.3,-0.2,-1.5,0.1
319,Kyle Kuzma,PF,26,WAS,66,2204,15.2,0.547,0.401,0.234,3.6,24.3,14.1,16.3,0.9,2.2,14.1,24.2,,0,2,2,0.044,,0.2,-0.4,-0.2,1
320,Anthony Lamb,SF,24,SAS,2,8,-0.5,0,1,0,0,13.2,6.6,27.9,0,0,0,10.6,,0,0,0,-0.138,,-6.2,-1.8,-8,0
321,Jeremy Lamb,SF-SG,29,TOT,56,935,13.3,0.521,0.49,0.305,3,15.3,9.1,12.3,1.6,2,8.6,19.7,,0.6,0.6,1.2,0.063,,-0.4,-0.5,-0.8,0.3
321,Jeremy Lamb,SF,29,IND,39,613,13.4,0.524,0.513,0.351,2.7,14.6,8.5,11.6,1.8,2,8.4,20,,0.5,0.4,0.9,0.07,,-0.2,-0.2,-0.5,0.2
321,Jeremy Lamb,SG,29,SAC,17,322,13.1,0.514,0.445,0.218,3.7,16.7,10.1,13.5,1.2,2.2,9.1,19.1,,0.1,0.2,0.3,0.051,,-0.6,-0.9,-1.5,0
322,Jock Landale,C,26,SAS,54,589,16,0.597,0.436,0.201,11.1,13.5,12.3,10.6,0.8,2,12.3,18.1,,1,0.4,1.5,0.121,,0.7,-1.1,-0.4,0.2
323,Romeo Langford,SG,22,TOT,48,771,9.2,0.52,0.445,0.22,4.3,10.7,7.6,3.7,1.4,1.9,7.1,12.9,,0.3,1,1.3,0.082,,-2.3,1,-1.4,0.1
323,Romeo Langford,SG,22,BOS,44,728,9.3,0.52,0.451,0.185,4.6,10.7,7.7,3.6,1.4,2,7.4,13,,0.2,1,1.3,0.084,,-2.3,1.1,-1.2,0.2
323,Romeo Langford,SG,22,SAS,4,43,8.1,0.523,0.286,1.143,0,9.8,4.9,5.8,1.1,0,0,10.3,,0,0,0,0.053,,-3.8,-0.4,-4.1,0
324,Zach LaVine,SF,26,CHI,67,2328,20,0.605,0.401,0.316,1.1,13.8,7.4,20.8,0.9,0.9,11.2,28.8,,4.5,1.3,5.8,0.12,,3.9,-1.5,2.4,2.6
325,Jake Layman,SF,27,MIN,34,231,9,0.5,0.479,0.247,2.7,14.3,8.4,5.3,1.4,2.1,11,16.4,,-0.1,0.2,0.1,0.024,,-3.3,-0.6,-3.9,-0.1
326,Damion Lee,SG,29,GSW,63,1256,10.9,0.561,0.488,0.196,2.4,14.9,8.8,7.1,1.5,0.5,8.4,15.8,,0.9,1.8,2.7,0.102,,-2.4,0.4,-2,0
327,Saben Lee,PG,22,DET,37,604,13.8,0.499,0.339,0.401,3.1,13,7.8,26.2,2.9,1.8,14.7,17.3,,0.3,0.7,0.9,0.073,,-1.9,1.5,-0.4,0.2
328,Alex Len,C,28,SAC,39,620,13.1,0.577,0.119,0.358,9,19.3,14.1,10.6,1,3.5,17.4,17.1,,0.4,0.5,0.9,0.07,,-3.2,0.3,-2.9,-0.1
329,Caris LeVert,SG,27,TOT,58,1781,15.1,0.525,0.3,0.226,2.7,10.7,6.7,22,1.4,1.1,10.3,25.4,,1.2,1,2.2,0.059,,0,-1.2,-1.2,0.4
329,Caris LeVert,SG,27,IND,39,1214,16.3,0.53,0.304,0.235,2.7,11.2,6.9,22.8,1.4,1.3,9.9,26.8,,1.1,0.4,1.5,0.06,,1,-1.3,-0.3,0.5
329,Caris LeVert,SG,27,CLE,19,567,12.4,0.511,0.289,0.203,2.6,9.7,6.2,20.5,1.4,0.8,11.6,22.3,,0.1,0.6,0.7,0.057,,-2.1,-1.1,-3.1,-0.2
330,Kira Lewis Jr.,PG,20,NOP,24,341,9.8,0.466,0.397,0.082,2.9,10,6.3,21.7,1.6,0.3,14.7,22.3,,-0.3,0.2,-0.1,-0.017,,-2.8,-1.2,-4,-0.2
331,Scottie Lewis,SG,21,CHO,2,7,14.6,0.568,,,0,0,0,16.2,6.9,0,0,5.3,,0,0,0,0.164,,0,5.9,6,0
332,Damian Lillard,PG,31,POR,29,1056,18.5,0.55,0.514,0.328,1.3,11.6,6.2,34,0.8,1,11.6,29.3,,1.7,0.1,1.7,0.079,,4,-2.7,1.3,0.9
333,Nassir Little,SF,21,POR,42,1088,13.5,0.575,0.489,0.298,5.7,18.7,11.9,7.4,1.1,3.3,10.1,15.8,,1.2,0.6,1.7,0.076,,-0.9,-0.6,-1.5,0.2
334,Isaiah Livers,SF,23,DET,19,383,11.1,0.629,0.711,0.156,4,12.5,8,8,1.7,1.6,13.5,12.4,,0.4,0.3,0.7,0.085,,-1.3,-0.2,-1.5,0
335,Kevon Looney,C,25,GSW,82,1732,15.7,0.586,0.003,0.343,13.5,23.8,18.8,13.2,1.4,2.9,13.8,12.2,,3.5,3.2,6.8,0.187,,-0.9,1.7,0.9,1.3
336,Brook Lopez,C,33,MIL,13,298,16,0.57,0.405,0.176,6.9,11.9,9.4,3,1.3,4.8,7.8,21.9,,0.3,0.3,0.7,0.108,,-0.7,-0.7,-1.3,0.1
337,Robin Lopez,C,33,ORL,36,612,13.7,0.57,0.03,0.271,11.7,10,10.9,14.4,0.2,2.7,16.5,18.9,,0.5,0.3,0.8,0.064,,-2.4,-1.4,-3.8,-0.3
338,Didi Louzada,SG-SF,22,TOT,9,129,6.4,0.517,0.697,0.061,4.1,10.6,7.2,5.3,0.8,1.5,12.9,13,,0,0,0,-0.005,,-4.1,-3.4,-7.5,-0.2
338,Didi Louzada,SF,22,NOP,2,7,-1.2,0,1,0,31,0,15.8,17.1,0,0,0,18.4,,0,0,0,-0.238,,-4.1,-8.4,-12.5,0
338,Didi Louzada,SG,22,POR,7,122,6.8,0.567,0.667,0.067,2.6,11.2,6.8,4.7,0.8,1.6,13.9,12.7,,0,0,0,0.008,,-4.1,-3.1,-7.2,-0.2
339,Kevin Love,PF,33,CLE,74,1665,19.6,0.594,0.627,0.26,5.9,29.2,17.8,15.3,0.8,1,10.4,25.1,,3.2,2.5,5.7,0.164,,4.3,0.1,4.5,2.7
340,Kyle Lowry,PG,35,MIA,63,2133,15,0.6,0.609,0.278,1.8,13,7.5,32.3,1.6,0.8,19.3,18.2,,3.7,2.7,6.4,0.143,,1.1,0.8,1.9,2.1
341,Gabriel Lundberg,SG,27,PHO,4,44,7.7,0.342,0.421,0,5,11.9,8.5,31.5,3.3,0,13.6,21.5,,-0.1,0.1,0,-0.005,,-5.3,0.5,-4.8,0
342,Timothé Luwawu-Cabarrot,SF,26,ATL,52,685,9.3,0.556,0.656,0.22,2.7,10.3,6.6,7.7,1.3,0.8,8.9,14.3,,0.6,0.3,0.9,0.061,,-2.3,-1,-3.3,-0.2
343,Trey Lyles,PF,26,TOT,75,1537,16.4,0.588,0.372,0.432,6,21.2,13.4,9,0.9,1.9,9.8,20.7,,2.4,1.2,3.5,0.111,,0.5,-0.8,-0.3,0.7
343,Trey Lyles,PF,26,DET,51,990,16.7,0.576,0.38,0.458,6.2,21.2,13.3,9.5,1.1,2.4,10.5,22.3,,1.3,0.9,2.2,0.106,,0.5,-0.4,0,0.5
343,Trey Lyles,PF,26,SAC,24,547,16,0.612,0.354,0.376,5.7,21.3,13.4,8.1,0.6,1,8.4,17.8,,1.1,0.3,1.4,0.12,,0.7,-1.6,-1,0.1
344,Théo Maledon,PG,20,OKC,51,908,10.6,0.5,0.473,0.315,2.2,12.8,7.4,18.5,1.7,1.1,15.3,20.3,,-0.5,0.8,0.3,0.015,,-3.7,-0.7,-4.4,-0.6
345,Sandro Mamukelashvili,PF,22,MIL,41,407,14.7,0.618,0.452,0.191,9.3,12,10.7,7.4,1.1,2.1,10.7,14.6,,0.8,0.3,1.1,0.135,,0.6,-1,-0.3,0.2
346,Terance Mann,SF,25,LAC,81,2317,13.4,0.572,0.301,0.238,4.9,14.3,9.7,13.1,1.2,0.8,9.9,16,,3.1,2.4,5.5,0.113,,-0.8,0.2,-0.6,0.8
347,Tre Mann,PG,20,OKC,60,1367,10.2,0.501,0.463,0.139,1.9,11.2,6.4,10.7,1.7,0.8,10.2,22,,-1,1,0.1,0.002,,-3.3,-1.1,-4.3,-0.8
348,Boban Marjanović,C,33,DAL,23,128,18.5,0.615,0.057,0.314,6.9,27,16.9,4.8,0,2.1,15.8,33.3,,-0.1,0.2,0.1,0.045,,-3.2,-1.2,-4.4,-0.1
349,Lauri Markkanen,PF,24,CLE,61,1878,14.7,0.582,0.541,0.226,3.5,16.5,10.2,6.6,1.2,1.4,6.5,19.5,,2.7,2.3,5,0.127,,0.4,-0.1,0.4,1.1
350,Naji Marshall,SF,24,NOP,55,735,12.3,0.505,0.39,0.346,5.6,16,10.7,12.3,2.2,1,12.9,20.8,,0,0.7,0.8,0.05,,-2.7,-0.5,-3.2,-0.2
351,Caleb Martin,SF,26,MIA,60,1372,14.8,0.611,0.378,0.227,5.9,13,9.5,7,2.1,2.3,10.3,16.3,,1.9,2.1,4,0.139,,0.1,0.9,1.1,1.1
352,Cody Martin,SF,26,CHO,71,1866,12.7,0.579,0.376,0.253,4.6,11.7,8.1,12.4,2.3,1.6,11.5,12.1,,2.4,1.5,3.9,0.101,,-1.2,0.7,-0.5,0.7
353,Kelan Martin,SF,26,TOT,30,450,9.4,0.484,0.439,0.076,4.1,9.6,6.8,6.7,1.4,1.7,7.3,18.1,,-0.1,0.2,0,0.005,,-2.6,-1,-3.6,-0.2
353,Kelan Martin,SF,26,IND,27,444,9.7,0.492,0.44,0.077,4,9.5,6.7,6.8,1.4,1.8,7.5,18.1,,-0.1,0.2,0.1,0.01,,-2.4,-0.9,-3.3,-0.1
353,Kelan Martin,SF,26,BOS,3,6,-11.3,0,0.333,0,18.5,17.6,18,0,0,0,0,22,,-0.1,0,0,-0.382,,-14.7,-10.5,-25.1,0
354,Kenyon Martin Jr.,SF,21,HOU,79,1656,14.3,0.603,0.321,0.235,5.3,14.5,9.9,9.4,1,2.2,9.4,16.3,,2.3,0.6,2.9,0.084,,0,-1.2,-1.2,0.4
355,Garrison Mathews,SG,25,HOU,65,1712,11,0.602,0.837,0.39,2,10.2,6.1,5.3,1.6,1.3,7.1,14.4,,2.2,0.5,2.8,0.078,,-1.3,-1,-2.3,-0.1
356,Dakota Mathias,SG,26,MEM,6,16,11,0.5,1,0,0,13.4,6.5,8,3,0,0,15.4,,0,0,0,0.114,,-1.4,1.7,0.3,0
357,Wesley Matthews,SG,35,MIL,49,1002,6.9,0.536,0.714,0.127,3.2,6.4,4.9,4.6,1.1,0.8,7.2,10.7,,0.6,0.6,1.2,0.056,,-3,-0.3,-3.3,-0.3
358,Tyrese Maxey,PG,21,PHI,75,2650,16.2,0.594,0.311,0.247,1.1,8.9,5.1,19.1,1,1.1,7.4,20.2,,5.4,1.9,7.3,0.132,,1.3,-0.7,0.6,1.8
359,Skylar Mays,SG,24,ATL,28,220,11.7,0.589,0.391,0.141,2.5,9.9,6.2,10.8,1.6,0,12.8,15.5,,0.2,0.1,0.3,0.061,,-1.2,-0.8,-2,0
360,Miles McBride,PG,21,NYK,40,372,6.1,0.393,0.63,0.111,1.1,11.2,6.1,15.9,1.9,0.3,4.2,13.9,,-0.1,0.4,0.2,0.032,,-5.5,1,-4.5,-0.2
361,Mac McClung,SG-PG,23,TOT,2,25,5.2,0.621,0.5,0.167,0,12.9,6.5,5.2,1.9,3.6,31.8,16.3,,0,0,0,-0.043,,-8.4,-1.2,-9.6,0
361,Mac McClung,PG,23,CHI,1,3,8.7,1,0,0,0,0,0,0,0,0,50,29.4,,0,0,0,-0.251,,-6.9,-8.4,-15.3,0
361,Mac McClung,SG,23,LAL,1,22,4.7,0.551,0.6,0.2,0,14.6,7.3,6,2.2,4,26.9,14.5,,0,0,0,-0.015,,-8.6,-0.2,-8.8,0
362,CJ McCollum,SG,30,TOT,62,2145,18.3,0.553,0.403,0.146,2.6,11.5,6.9,26.1,1.6,1,9.3,27.5,,2.6,1,3.6,0.081,,3.2,-1.3,1.9,2.1
362,CJ McCollum,SG,30,POR,36,1267,15.8,0.532,0.435,0.102,2.8,10.7,6.6,22.5,1.4,1.6,9.2,26.1,,0.7,0.3,1,0.04,,1.8,-1.7,0.1,0.7
362,CJ McCollum,SG,30,NOP,26,878,21.9,0.58,0.361,0.204,2.3,12.5,7.3,31.3,1.9,0.1,9.5,29.4,,1.9,0.7,2.6,0.14,,5.3,-0.7,4.6,1.5
363,T.J. McConnell,PG,29,IND,27,652,15.1,0.525,0.159,0.111,3.4,12.2,7.7,28.7,2.2,1.3,11.7,16.2,,1,0.4,1.3,0.098,,-0.4,1.4,0.9,0.5
364,Jaden McDaniels,PF,21,MIN,70,1803,10.3,0.553,0.455,0.128,4.4,13.2,8.7,6.1,1.4,2.9,11.4,15.3,,0.7,1.7,2.4,0.065,,-2.9,-0.1,-2.9,-0.4
365,Jalen McDaniels,SF,24,CHO,55,895,12.7,0.595,0.425,0.283,4.3,16,10.1,8.7,1.4,2.3,11.2,15.3,,1,0.7,1.7,0.093,,-1.9,-0.4,-2.3,-0.1
366,Doug McDermott,PF,30,SAS,51,1223,11.4,0.593,0.551,0.11,1.5,8.4,4.9,7.3,0.5,0.4,8.1,18.3,,1.1,0.5,1.6,0.062,,-0.4,-2.1,-2.5,-0.1
367,JaVale McGee,C,34,PHO,74,1172,22.6,0.651,0.02,0.319,15.3,29.7,22.7,5.4,0.9,6.1,15.8,22.8,,2.4,2.6,4.9,0.201,,-0.1,0.9,0.8,0.8
368,Cameron McGriff,SF,24,POR,3,46,12.5,0.47,0.429,0.143,13.8,22.3,17.9,9.4,0,2.1,0,14,,0.1,0,0.1,0.097,,-1,-3,-4,0
369,Rodney McGruder,SG,30,DET,51,754,11.6,0.577,0.649,0.116,4.2,12.1,8,9.6,1.4,0.8,9.2,14.8,,0.7,0.4,1.2,0.075,,-0.7,-0.7,-1.4,0.1